passenger_sk,passenger_token,age,age_band,gender
-1,UNKNOWN,,UNKNOWN,UNKNOWN
1,d43562e16e5eda2d8084e74b22f39f3cc71fa620547f796c47da63be2845d057,52,35-59,F
2,ae87489113611c71cfee954eb0dd2a553eb71d9905ebb3f2f3517f5afa410bdc,15,0-17,M
3,d175fb27268af1f2bcb8957d08900a7b6b96c65a466405f46ebf2b2c6ea70478,72,60+,M
4,60f4f2881581fb4853cd77f07d3fa7a1f47804caa0e55d0221cd5ffb152c7a0b,61,60+,F
5,5d130ffa1f974118bb032a66eacc77912b48bcb9f679c32656209dabbf3ec6ea,21,18-34,M
6,8cd214fdeb398129f109a09558596673015aa7e35f447127f35457ac3d20f19a,83,60+,M
7,70ade93f92e45120b39852fee5cbafb8a8814329635fccc67a5c4bd75eb1fd8e,87,60+,M
8,54932c8ca115518f413d3cd8ee371e759be6080b858c4745d8fdba4faddea140,75,60+,M
9,bce6291bc5440babd646f6f009ce384447d465ac45d6920d1e9e0047f1972e43,75,60+,M
10,47543104bd8c38393b371a5eb13fa1657eb3a8c0af75b215ae062725560a9f8d,88,60+,M
11,d126ee784d29a83ede9752c35c95c19d382da58727c9d9728472f57b4f4f2f46,24,18-34,M
12,17b78996a4bdcd7a8df65d6fd0f964b3e25ba532929211e71c3e4bdd1406b806,3,0-17,M
13,4d9fbe3223116266d358e851c3c2ec4c8c43a7fe265506671577ab053cadfd6e,22,18-34,M
14,d01968cc2d4e773a63e6fc75072c3bd64e95dd5326e1be9ce30c1276d2c88328,53,35-59,M
15,906858c3f71552b075fa3b1b73de077888b46a1e05a24fba60d173a2318e59d0,2,0-17,F
16,2e824b9561dfaa74ae490af5b83948f4b0ea39b1f957102c76f1b6a62c819ad1,88,60+,F
17,ee49d038a6fa2229dfb9194047be572bbd02fac3cbd9639cf29fa744f66a0d77,30,18-34,M
18,6aa870a64a3a0fc4e44c3e831f5dea691e740402e2a4d391bb6564cf211f0ceb,38,35-59,F
19,2d79504dd4217dd5477e0ad52eb1c31183035007e38e6424043130c1c4fc1ee6,2,0-17,F
20,1ad62f8144d926b1e7517622fd8a75e2937e1914600159eae5bcc8ee7e289897,64,60+,M
21,bb9fb977ccb9aa4a2363bd9490165a47d6f02d7d0a492f1e8e44c73f7e5de5e9,60,60+,M
22,d1921bc94327dcbed4d1056ffe46ea3fae7b22902037555f2aec1a05313943ad,21,18-34,M
23,869c64387acc0ef09a74d362ada0d20389bde0de0fa7db15493e87c8a9e3b938,33,18-34,F
24,d02cf82f33c1cf5c705eec281e21c1e320b5a316641725c05ff062b89adfa914,76,60+,F
25,08110721a3d81907e6be8fceef1233260eecb8a8eb9afe11633677fcc5e50d38,58,35-59,M
26,121eb71f3900f7203d37be9890c7191ff22c5d4f65f5a0df656077f04cc7afcd,22,18-34,M
27,c29a63552aa9e63e9712f48e58d4eff382e969675115aee075e14544a9a67b88,89,60+,M
28,ed0bcc76efeb09926bfb56fcd9df7c3b3fdd7939960f96b20fe42970a6ea6767,49,35-59,F
29,e7ce42655855856010a458adc6e2024e437447a0f50b6c396e3e0ec023413a98,59,35-59,F
30,efd94271f346b91632a776586055e1a582cc9cce44e43bef9e4218e7128b269b,42,35-59,F
31,5842477043ac9f74981e086de33b4e20e01352d4a6b95d1cf800627a6433e48f,60,60+,F
32,86c8c1b3e7bb1e88d6b1dd6b6f5edff5adbb628b431247ae6c32ae2b64be4e1e,80,60+,M
33,87ae41b167262c4558eaa667f63268658dd314c1674c4c209f4b3dda274a3f18,15,0-17,M
34,0606ec7635957ee930a35037ac333d1ab58efc3cf64893b2b05e1e03f9f2a05b,62,60+,M
35,7f2c7c34ad6cb1a2379054d33978fbb3c8996fdf3ac89bf93646b2bd670fb599,62,60+,M
36,f428136517e9d22f4b8e4869f8201f0b2afe470bec365f04fee693ea1bdcd075,47,35-59,F
37,d7a83778b54ce9cb92e88d80d2e725c4d93a58a9d07f82d89dd4abfd523d5ab0,62,60+,F
38,7c615ed4823e2526c96d77c1a185c251715827c727cffc1a1696241ca741638e,51,35-59,M
39,ae40f5dcaa424ffbf07879ec9fd0d1478a52e06fd98e485ad2a8397afaed8808,55,35-59,M
40,5a6f38f5f7d99526683b349e0bec94cafc10b55a4dba4e3e16db3dbbf6e00ba7,64,60+,F
41,3d380dd4c8d1e8186f746d616eea33c69043aadb56bd1747d4ee81ac0e5022b6,3,0-17,M
42,2a1d1267ae84a325aabf7d6701be00b8e8f9c321bf6a725874aceb955b628fa5,51,35-59,F
43,bb1aa7b9f3ada6b12760d3f0b3ec4fb59343b94c896dbb96ccbfc57f67cbedca,7,0-17,M
44,3871f3ef5cbf2c029bb3496e2d8abe8478cab4e18ab56e4ab0248332e4064c84,21,18-34,M
45,6566f42f52bdc57b43dc045eeafb3a3015ac0b1e65e997a6ada282811675574d,73,60+,M
46,d636ed055520b08e9ceae61829a05ae3c9e4e1e8cc7b44533e01f1eb18ddca98,39,35-59,M
47,5e8b5adac2bb5fc2e88599067b35572b3c223d4c602efaddd5f38e59f4583fc2,18,18-34,M
48,b504f8407a61b2d08eb5f7ab36e6bfb0c0c7f8b9977b35068aa39c96352638d3,4,0-17,M
49,12f90ae3b721f8e7129d08b44b8a695bf9a7869ee2235e436589cf6c06796f72,89,60+,M
50,b2ec36480523866e890528ff86a7b20af7d79a8cab6abf8bf4c5cda78953d16e,60,60+,F
51,a196e906f51879f138ef01c1cb2d4438d321ba7cff0e20be3bb520eb8506b3c8,14,0-17,F
52,ed95ef8d417624a68ce1496825a4a7d8c6acf7ac91ec905786891050219d685d,9,0-17,F
53,5a0076e1e79f3f8a4f0ee9f971ca63fdc6bce1cf1319a3b1fcb3e2d0aa08312a,53,35-59,F
54,3af4a4a60fb04de8fcbc4ef7efd98e0bc994e182edd4ab89053a9a32a0c1a8ed,2,0-17,F
55,5f444db65cd4e1906bf55cec9c54d3d923cd40869a1a6862ed5995cd5749848e,84,60+,M
56,7841423337c1a5fbdcf220459b38866bacbbe3ca25410bbd7a07813a8202b828,60,60+,M
57,de147b9edb2ba5cdfd4bac0c65c492d815f0f51b2634b9a3af365210c32b2a7b,71,60+,F
58,63207035536a0566c8b4572294a99508bafd8e77fb5755e930697c1200d1e5fb,44,35-59,M
59,ebe2e8363f77057a8f830d4b04eb2a955e57d38d64b356db1446c06e57d454a4,8,0-17,F
60,baf9f2c4dffc9303a53f4727784f8daa71bbef7c952d93db8aa177a3a86b1f30,47,35-59,F
61,e6b9e649d15f25c7bde8db755ba00a542ef7a8f6523dd7718ba6a532a5b14254,35,35-59,M
62,aafbbfa73265391a10cdd456fd2b6974bf6dbf2261c2acc6efc4207a53d303d7,78,60+,M
63,84330dfdeda5a080ffb157b7e63b3d199d8a9ebfb2f7c232cbd545cd9ab6ee8f,81,60+,M
64,0ed85631f113e929253eeb5376e20a721e996f56c83bb6ddbca344c8a2083f08,36,35-59,F
65,a5507b9fcffd51e271f819590bdebdba98e7da81fbfcceea5209807c9b274b1f,50,35-59,M
66,eb617754347f9a780342df424c1d7ba527445d2dda864593b1bc1a5d694637d9,4,0-17,F
67,411b5cb15826f78d914eb68b46453650d8d9566a4b3e7519bb26eec2e44fa88f,2,0-17,F
68,22fff69938b4d41e2e904bf544a8b791f0589abe1cd6723a3bec250b413eeacf,6,0-17,F
69,0257ca99c8a5f2590b3822798dff5a3f2524c97afb4b57430c638ab8e0eb583e,54,35-59,M
70,e301953d2ded5c0e504cbd51e6e0e1446e6b3a1d623f1434c7f29f9d3f4ffa12,4,0-17,M
71,c08b2c3a56dfae29a49a1f0cbf242498501577dd946aaccadf7f881575805eae,54,35-59,F
72,f5ec5b4d093bd92e9d497e7e0d759f29a9b49f976d9a4f9e318247b7d9061b7e,63,60+,M
73,5b784bb6002005541f4d3aa89daf278e178969bb365e938f3c079c2100339657,18,18-34,M
74,b119063ecaad045bdc7159fabd8180af3354e4fd01300faa43930d401485aa70,44,35-59,M
75,029b67259fb36f38b7b7540a9459fff5882a5cedd70e3380935d76d48d3868ca,34,18-34,F
76,e22de7a3afaf190d01559bd683aecb4c700c02bc9f718c0952f6d0a0cdb74c9d,74,60+,F
77,498d0ad475fef7ad6d55a1b51dd92134527a24a4eb04cb92dd1d1fde470a41e1,62,60+,M
78,411e0020b3118638980fb283e3546ba29cdce784d27ba45f4fd8ba0df5d302b3,14,0-17,F
79,8548f1347f78038540b854a0cd87cd384308348c6b9ff76ded74204c31ce1aad,48,35-59,M
80,7547f81a542b9551fb4b8d7db8ace948bc43ac565a349706c9fd5928755749aa,15,0-17,M
81,708283cc4d8fe2866c04c5d3a9198e1094c26f4f7cd841e500885ea0d6a89733,72,60+,M
82,93c5a38b3ccc05a9c9f8b818a9a9a224cf25956bb92be577d537b3e2c029fd0c,78,60+,M
83,e6a35307d3164cd1d4b914475d8a1b6b5f6495f1a9b60cc74350c5310d96622b,87,60+,F
84,4110664e59dc7f43900b6e65c79e5431479c04589c34b20dcd82124c7772feeb,62,60+,F
85,fc780a12db7ec7a56c7c11e21fd7bfd4750ff5bdbe590f3b643d94168e625af9,40,35-59,F
86,17551512d6bb1a2891c25d8b7d52f5f352f9666474539d3470c41c336b04aa6f,85,60+,M
87,142d40e6470216509bb8f5d63010e46cbcb8d015b2b81d766b2ad2bbcdb4e759,80,60+,M
88,acfdea30138525ad7c5197c11f0bef3032ed8781a1d7379f210f5aeb0c481f34,82,60+,M
89,75d505baf5b458fdaefed93beb9990f99ca7aaa323673f57659413bddc5af4b1,53,35-59,F
90,eebd09e468784128eff6e8777a28649ad8cedf6f96d929cfe43a42c7fde42412,24,18-34,M
91,1153d7fe35f88a767cde7faab316ca497783e1a44d619598ebce091a1f847267,26,18-34,F
92,eed55ae879cbc415cc5ae043a644041644c46b77ed081c3f051eae66b56c2bb1,89,60+,F
93,18de80e2d3013ed10b8fa867aae2ce5774ff785588c85920aa7bcfcd86b86de7,60,60+,F
94,ea108338083ec368b282186aef13a6b5df11c2f4aaf4a7b94bd1d2ac9bb498ae,41,35-59,F
95,a56a038e53819271636f71a778aa1a53a85037aa24f08668d4a236b4856be9e6,29,18-34,F
96,a94571f071c3ab9f5dba1b231a305948fb47e8f2beae06d3afbf392dba9b97fb,15,0-17,F
97,8db08179237512266281266004fefd6dda0aa596ba9ebf3786b6c77513090aa0,45,35-59,M
98,e9a3d87eb6670686454eddae024ad8ee6b69c4437619950692cc7c6f39a12625,65,60+,M
99,77d75dccece590e0c382276cf4ff9aded1f697d7af039fcde5a7607fa7b03588,89,60+,F
100,292a098e8dfd0d46d87feaf6585f8de565a1174a89b335057078185cef94d9b5,71,60+,F
101,5bec5b28de4d1a6a2304366cd4f661b0e33bc3e6c76dddf6e1be2a183379179b,9,0-17,M
102,cc8994919024636b4bab6ee1b49f4f34655c0d8d32fad8feeba24c664e25f019,88,60+,F
103,27fe4e7c545f93c580bfab12c591f4e8ded5291750ed8d62c7677f506867d167,1,0-17,F
104,3c1be9e9ce8548bd8e55aa32a9c48e55b1e04a0983a28fe403c19f0d3f08e31e,8,0-17,M
105,4fa22b4f38cfa97632d861cbce52b66d318c18356ed5e5c6dd1eac60c0d4ab2e,88,60+,F
106,377847215f9139bbe10a91c62692204b5e91fddd906b68a9cd0eda147cbb09ba,63,60+,F
107,650df6607e6fcb7b716eb4f9a0308591bcc57a885a4e82a5bebb01c7fcfde46f,11,0-17,F
108,ece7c21e6cd48d727dbf1d2587c74f017d8d02cbc4434041510866fcfab3b1ac,81,60+,M
109,40ee44d1ea98b4db78f6cb11885a9134ff201a945fb95efeb0f5a5ca8bc1caee,8,0-17,M
110,f4eb6d4d85152e522d9d2abae172fcc83452ca2a0c92d97fa0a081928bde7923,35,35-59,M
111,998ad49b3dc0c3df61c3bbab5cf1b2608884fe8bb29b3de5a8f7ece5421e2c30,35,35-59,F
112,758a4c8186e307ba58105eb3ad93dac409bf5aaa52535a4a0ac61291b944643e,33,18-34,F
113,826d80a86cd61fe8e4bb8cbf6a7562a36c49b3b0aa359d58df1e749c086305cb,5,0-17,M
114,f46f41787c18779c6d67d1b1806ed849439adc287a9bbd34fafddc29ea5fad9d,41,35-59,F
115,7ba92fc7be45bfe644445d267995598444a9e339a4e3332988d3ef255752d8b7,28,18-34,F
116,8bc73441c1872bdbb7c022428c004a656bd63ca82c137b8b4403e1fbf1bfcdd5,7,0-17,F
117,e357a50e9c9c455ff8e13d7503bc53d2af247963cb4b3d1dac8929d149f28c5b,73,60+,F
118,8da38d928b7db1f9384044008469d1e91c4b66807c119a60fc720dc8baef1263,72,60+,F
119,9656552a97c49804152fc8b33caaea76b31c35dcba6903e55f635708affb7634,12,0-17,M
120,a9bffa2466441c2dafebdbb2be5e17bef0e67e71fc49232fe4356b4da405f4d0,34,18-34,F
121,15081b7d8c7a24c3c82a711ec3c08a46dc2db0d638e2461f25904cab33a88679,33,18-34,M
122,fc2d37c8b1ac8066795b75dcf9526c67317ee3b3adf8c8f61a3923b8da1cbcc1,48,35-59,F
123,a5f1d15b77dd68695e14bc402aa08fb1f75a7d0d03a0de9da17d12f78a5b14ca,23,18-34,M
124,e46638aeee008e795ce98d2624a554e2aaba363b636b9f7064560eef0e82cea2,62,60+,F
125,0842273308e6a237a9845747bce4e3e723b496d7725afb0dee892d11341254a1,88,60+,M
126,eaad0d49155bdf6f547bb0cd626faf42d7decea13da6c27fff89f1b22b983ce1,37,35-59,F
127,a8df4cba1e381868b91ceec1f9da5800d9b93f2da95b78bbb82eafed129f6254,44,35-59,M
128,a3c665c8941c5d69e327c4c0ebac2e9faedda8926cfc336f348d9e28bb9c3352,86,60+,F
129,8ee9f07b790c40e39761de89fd948b0ad3dc0beb1e454a8627432d68507f37d0,35,35-59,M
130,8b4566e435bfa67d162edd43fcc9d779d98d967a1a6bb879ec8f8f0bba6efc30,65,60+,F
131,52e53876f6fa4a9c396e45aab31b8baa209879d5f77f9b7cc74bade040ad9272,47,35-59,M
132,a028664bfa239a1ac5deb8a2bb77d01ab5c5c5280c067a6932d9ced6ac9c54da,78,60+,M
133,6ccbd05cb78e617651c27bf784a0f43fe350fcd1a588a52429baa9001e75bc84,3,0-17,F
134,830761487705fd450f8e0e028a56d99dec8627ab004a580e71f022d0a73e0f34,1,0-17,F
135,f60bc62c492390eb0041b0d13d85e53c7fcd8845f6fa02a86da03af3e393bfba,5,0-17,M
136,f527543371c2fc79c00363b711213cf5ec832784e6d5f710aad3ed27076672ce,14,0-17,F
137,8dc22e705a511b7aa24da409514e1ba64996bd2704546dc066412272c582dfaf,27,18-34,M
138,87eb5aba9fa6d41fdfa051378088dc560fe81201afea705c11b9cff625bcb7d7,9,0-17,M
139,386ede65ef4b7aa454cb6e67e316432cb2afb287059d79898c4a26439d6f89fe,79,60+,M
140,b6f1647c9b01d1a32f5ae594ec2675b3ba12d2434b818ce0622b8024933626dd,15,0-17,F
141,a2cbb0c110615eadffe6a6b0cd91e37f92be0e6989a729ad2c96135327a9cd37,42,35-59,M
142,626f9aff4d7ff5f8c7e6014eeb8539089e159ff45531818cf22348e5198f91d6,77,60+,M
143,86c3fc1797e6df6af526870b67d7a560d3eb55fbd7779a33839aa69eb95d2862,51,35-59,F
144,ba73e441776e72c9657541b84b78e3754cf8172d02bc9a7c46145172a187e96b,63,60+,F
145,e46f0bbfddfe6a40889e3bace92d7570e6e4a210e115b9cdabed04a37cff97da,52,35-59,F
146,c5769af09d105d9e6288f547c99f5545eb14a611b57b3391cc9ea7f2f24ee5a8,4,0-17,F
147,189813b6193207ef62274f0e7a013bc7130dfb871130caf235f3aebd482c383f,23,18-34,M
148,3297b2eea420bb7aadb490f84545e1f1bff9dd82b58cbaa38cba9be40df18e51,15,0-17,M
149,316bc9df4742ad9ae6e5017ed1bc09f2aeb3593170a90da09a6eee62441534d1,43,35-59,M
150,69876687540d6a816dc42075b24c0ee8f018707dee0dbc7c7b36f31cbbda8581,29,18-34,M
151,381a8cf1b3e101453ac3cd94177b8b689ab990c2011697ded6cead9410668042,36,35-59,F
152,bf6612a19676357bebbe5a9b248c4a064719eb2482fd1d75b810320f405abeea,13,0-17,M
153,6c8be766196c82a9c3d20e7c8b9d4fcd2165d3e48d6707b9bfac2041cf4d929d,32,18-34,M
154,0bd93090460b8d84be2bbf464fd3d95615500a0fbe4bc0a0fb956233cadccd36,71,60+,F
155,62c04d8921985163e0caa107b0052b19959c89b277252ff5fcf9e46f719ce4dc,59,35-59,M
156,14bc9e70e05412ea1044edab00a393efe17843e1ab7253ec8b4811bf87212728,86,60+,M
157,5a6546dcc2d0bcb7c19eaf74924af4cf49ade1a9bfe896a0f46ebe0e6e3a3e67,28,18-34,M
158,f002acbe9dca1f6d74202e8c850ddb994860d727765fed0f2242647bc0400da4,66,60+,M
159,273c8feb4a57767bdd0ed5ac7557dff871a0c99ac45af6ffaf9565a1dadd79dd,42,35-59,M
160,b93c8629e05c24c5b8f4c1c5d9e00370647c3da7b8961a27baaf3b899a66014d,45,35-59,M
161,693fc9afd388e3f45562f29b48fade4debe0bfbc81eff47a8348937e519cb825,62,60+,F
162,964c62fb4b40cf94bf708bf4096751052a84a9db7f003cb268935897b0e91c6c,57,35-59,F
163,2273edb363ff775d35001bd17efaf911b079c65743439ba88e49eaf23d3eaafd,6,0-17,M
164,517f9a23f001524c294eab93293e66761578750e4790ef5597fe50a919e1f118,28,18-34,M
165,984d8cfda696e9cd8a6f167b81e2fa2fc07830d8d7fcd2a61ae085594f553e55,28,18-34,F
166,4e47c3669ee0c5ac7833c573a70f5606364084de83c9a200c1f4ce23e8f323fd,44,35-59,M
167,39b0acb4b8da72f80c61b533e2a7b4424068fd2a8437235b9053ff895a3c3de4,84,60+,M
168,0454982ed36b6e940335b407f614be15b9e7b25fce5be44de712b838003a6fa4,30,18-34,M
169,3a4306d16d74bc8e0e9697ca500855fbf12fb41598749f1be0a00d2cfc1b69b5,62,60+,F
170,7d1c2aefd67146fb41be5a42cde9c8181ff940923e8dd5fe484e75f768548dae,75,60+,M
171,37a2c5d5a3c5505814c89dd1c010f1c4514c1001bb2479cbf86d6219b5e1174d,89,60+,F
172,f348ecfb8bf4d060038fdd04607b5064d28d8fe461d0ad8629a0801778112efe,62,60+,M
173,b6a5399ae0bcb90608ecaf5e63dba51e33ada249a99cc8b5a98f8d6d99ce3e1a,1,0-17,F
174,2db8f90bdc5e202ef339e2fb2a3eb5ccd5ac3e32a271c2983426880b9efc365d,27,18-34,F
175,74299989202cf029ed2b5dd735d8f593b22617caf22f23d436785203c33bdf2a,62,60+,M
176,15e689efe88d9058b8cf09ea62017d8d7b25ac341f43810a86908cda72d284b1,77,60+,F
177,6155925966b2e1e56146e39f0256987be15446e650f7f46cb429bb8e8472c42d,3,0-17,M
178,f1dd926e54d90e1b249efd7df585d3a7009fb6886d6d0778f969e3a9e098179b,70,60+,F
179,6f00fdaab1ec650cb151b8f0f2bcdb74ccf1233bd1e8fa68146dc27bc04ffa93,72,60+,M
180,45f879b5b45183e0fe4ad5164bbd09e914dd93b66337d974ca95bf4f60f4b5e3,27,18-34,M
181,bbfe94d156cb587d38025e2b4c403e9609f7b63b720b788b3041493614070da1,9,0-17,F
182,759de764e1bcb08f5113e1209229ced7f84b1be7b7e727f4d884f01ebc2a60d6,62,60+,M
183,3fb203a439bb40ba8a5c84a934891a71e6098b4e98e604283fa8f2df81af7d85,37,35-59,M
184,282f7f463033d6f50cc797de0e392f417041677a30e9ca1de87ef4f758ab849a,51,35-59,F
185,872ad0ead5b9e1d0515c79e6f4b554a0cdae2673baef3c27e4d8db947f5d26a5,44,35-59,M
186,203ac447c4d19dc0c47ad437d3521db5b101c1d9853735da2e37cc03c4c48f66,24,18-34,M
187,b28b67e13326b99a87eaf078ce63f7653441e9df305a35b6f3e8f93b017623f4,79,60+,F
188,1b38a371811883638fa2acf6ae1b80dbc55a0547e4e4dd11596eb89fdf28e9fb,59,35-59,F
189,8cd1b22a733c3405cff502b327260f632357335c37547ef05411547508627cc0,32,18-34,M
190,a4643c2d650cb8494707107ffc6599863d2762399dde313e28bcad4a46b52164,88,60+,M
191,03c94141d509543b29181717844631b190376e277706d0ad6646c9dac738bd0d,52,35-59,F
192,8c5f699b273f67aa01751f51d8b2acdc91f6ab3c86de65a08bd137a9b0a3a5bd,62,60+,F
193,d98efd7125d39547a0b2493ebb1f60fe92afeb1e53d167ad1a1bb6cbceceec49,58,35-59,M
194,18ff0f5c4d9b70931746ced87db894d852e95e2d5f3b8d677f65b37b62d02f10,52,35-59,F
195,303a5b4fd5485e00a7476f7c0adc3b9b170e20387bce2c51e01806c109f69fff,12,0-17,M
196,be9ada709378f7a6b28a204ba7b816ff6e71e4487a6b36ef5666847a41004ab9,39,35-59,M
197,d791a3b34d8021d5da4da538eb2b4d941f71470f5459d8d08eea597e939bca82,2,0-17,M
198,3260edb6469ba69152f62b88461cd1b853f08558434869d2b43be3688f397c0e,3,0-17,M
199,d5ea98d9ff21f6d07565f833c8ff8e7b356c3e77c05a881013efab676e68e4ce,56,35-59,M
200,9a7178aac87feb2a27df31cf58d0a55b17a958df1682578097efa30905293dd4,81,60+,F
201,b3f6bd26b91bc35d800f0fff09349d73bfb18b3dee973e0718108e71e8f276ad,59,35-59,F
202,625a71fca9850d45b95020e2fe525e5a5df4d1451455e707fb3e19061b04681f,2,0-17,F
203,1920d9d13545d46aaef3fff9b362e632883a9857d03d7ee4536cc5f1c68b51f1,2,0-17,F
204,83e8e27e34d0046d27c19c1c51539baef5c4fa27f3cfd1c9ab10459b903d4115,54,35-59,M
205,45a333d6e091f3cc5c23b45ccff8d60ea4ededf5d050e7599b5ad5356c79645c,87,60+,M
206,9f6ea297572cf55a90fefbc179f352c0eba468b747a372796026c2db21f19422,1,0-17,M
207,add6d5bd2cdf2ac54bb13125c9af7e9ad348530097880f5f498747bd1d7f2be1,19,18-34,M
208,a46428c5c487ddd6d3b0d398a2e7af867ce9339ab9f0eaab3a3081b905aec1bc,2,0-17,F
209,b40dbebc6fee13b3b85f1185c6fdedd911ccffbcd303dcc415e1eaf6c19bf0a4,53,35-59,M
210,29a2bc9f40b9894a0a78d0d52ede4b0fa9856efbdada7c6eab607db2ea746171,44,35-59,M
211,3e27dfa12772257568a864a33223a53ce6c5636de815ee38b4833d0a2dadc88d,32,18-34,F
212,14c448c3fdc3d38a2aa8a20d02c754f7185fab3db9b883cc1bb026a4f5abcf07,70,60+,F
213,660ddf879f62fd7eec971e7d446fa96e7458da1f39890499fccd00cc860e44e4,32,18-34,F
214,5b17df8c15e1f8703652e5013b894bceb9dcdfecaf546e5a8e60617a4ff0df08,68,60+,F
215,915c65e68c8feb6426183cae3519105d476cf2edfbe1e480a211f9d2db18bfe8,55,35-59,M
216,2fd3f6fd76fedb72ba40cfe320ab5ba2c0f1bee539238738c2420125675a0896,75,60+,M
217,699d7503f7e3e7bf87c8bda449149fa6d9cd3086d971927f1637363db3556831,56,35-59,F
218,db9e5c14b93e455231a742fb493c3a2945ec4d90fca4e3d6c05b3721a3c81724,17,0-17,M
219,20e299c0c8ae263e62f98e0e175ac4680f1613acf78f6b5e9ace39f4e162474f,38,35-59,M
220,815c1fad7ac39d2500a06884df97ca0f455f493ef20d5b4eccb978ff2251207d,24,18-34,M
221,aaff962d5ac73e68f790a59549905bce365bcf7745478007b514aaa1c0070650,69,60+,F
222,81def077af4cd8090d0c833f373e0a4b7742be683bd43e1ab8c70971f73cd235,70,60+,M
223,4cc582530c6d54064d8489d3fb34a7ca0a7eec481e13e4ca1ccf2c80d96543bd,86,60+,F
224,4ea3e9bef485c53c358c6b62392dd76c07f10563116e5615a3ca95de19961b7f,11,0-17,M
225,6431542ec461ef9fd8d4297b188c398e16c12b0fd9088ac322a53663afabce02,16,0-17,M
226,5ad388f4a273e587c5d7c6f1bbf99e24bfaa71c2fcee61a4274ae4c1b43143f2,73,60+,M
227,ed157a7800a5b524170c92c91c54815f67715425a2a21fdf123000c15c04f8b9,59,35-59,F
228,327eca848567305f0bf11de8004eb9507fe535de5bd0abed8a1b720bd19c01aa,70,60+,M
229,7258996a4bc784ca0cc6d17f6d1b1e83e1a1dc43e21054d2724ad4ef7b59290e,80,60+,F
230,40e6e9eb609cf68dc8c1881a663402d4bfd27772b85fa67de1621de07203fec0,3,0-17,F
231,bf48138f1ef9fffa060038c2ed0f7fdee00f879416c30d0b89b39abe09c9f6f1,20,18-34,F
232,f5d7a5313423a7fcbfeaf2f63baa1a6401de407f5ac94c171b35d23411ebd06f,59,35-59,M
233,a1ea930e71ac4c5607979d52e4bfad5c8597c706a7d86682b98845051eb21f7a,36,35-59,M
234,8543e69fc93b38b9347a3a0aba83108bb6d5e6ae2971c944eb2d02fbfda4de83,19,18-34,M
235,0fc3d336cc5e313f6a86b720da57cd6e83a7242cc374ba2971ee41e0cd2c91e0,67,60+,M
236,656e8d58e1ee8e1b718a530cae33c664dd899e2c994e0a21549385002d008707,19,18-34,F
237,f0f02dc36abd7f9434841cec64682dbc7f30b613db714c57ca68fefc0d892f59,20,18-34,F
238,2d342fc55b40ffe9427c5de6c8dfdbdffa1a7ca6dd7b66d60b47201b7c19bce0,71,60+,F
239,ffa45e639a67f25ae0b7dc514b1b5536bd09f32c5e37aebe2711c1d781605c63,52,35-59,M
240,4768056431460b162b356e5ccbd44d52303b9ec6257cf446099f02c3615476a9,33,18-34,F
241,6d00022ac47d2bb6050f7c01f63949399069fb432c149ef15b4b54a155ff52c3,40,35-59,M
242,a1000d662a9012f0ea6999fe614f8e9aff7318f03ad181dfe88d4636478cc2de,39,35-59,F
243,76734c3edd9ee52b0a6ea6f7e6773f9ecddc5eed9a2ce7904b5eeedf04d95845,82,60+,M
244,d804361d6a9f32e9d8fdef6e03dc98d19aed62cbdaa1c74f9831f0bcd8ef9349,1,0-17,M
245,eb2ac179452ea44e1d76dd7fc287c213fe62b3fabba504b111dc150448f8764f,11,0-17,F
246,6d911abd50a82117b884c860aff31ce0e1bb529fbd941e4e7df8874fc0480ed1,57,35-59,F
247,8c839a7a431807ea1d5d49e7a70f157ed8b9f1ba5f4c33ea4fd24ccfab7cc6c5,89,60+,F
248,e7d4ad0b66627a6075ab5e5114068dc1fe9a349c683cca9f89a0dc5380f11145,50,35-59,F
249,b9f2f30e22d2ac1bb1e0fc0a124785e17056281f17b18461c88613a5ddf231b4,23,18-34,M
250,33d9d1b39e9bd22ce34495f6fe7299a8bb45cb3ca0d0c9b84a345e52427e9ad8,31,18-34,F
251,d77acaee4719fc114e7adae873d43f37b7e87823386f9298b990715fba402744,42,35-59,F
252,135389d49911a865415290c1a1c7ab3211d8d3f65f9e7823bc6c24d1002ff8c4,7,0-17,F
253,33316afbea63832bc9c78c3797262e59e08035e133202c24287a89e90d6dc5e6,16,0-17,M
254,b953f77de4773ac4fc082fb8734336f3257ddc798b7c02d6b9f9ef487562c13b,60,60+,M
255,7da1b22b78e56412049afa4ed95246d3e5b5b4e313784bdda6a175db407dc3d7,2,0-17,F
256,37cc796a205154c4ca8ffa44c0ac28bbfe086edd4f2385eb6c37594856a00cce,1,0-17,M
257,02dcf3c405f596c78a2a7fc722a23721f7fc23de3bb9764bba03e73987340d95,48,35-59,F
258,fa4593a22f30e8fda6e2536833a71db851e0f742ce5c629c63f3c52227e40f00,12,0-17,M
259,db32b0097990ce9e502a445b5742597cc1e4604a81e91da7afd75a2b3426e509,69,60+,M
260,0dcaca954ab68f5a94722bdfc9418202d0c46896b970686648735c774cb09469,37,35-59,M
261,317ae658f3c4623fb59fd5cba846ac6c7d4905a3df4669e1f5846a9de88897cf,32,18-34,M
262,57dcc107ef18e3ce0598fc5d894f7093e7e6b3e360a840635d945e09fd6d1462,9,0-17,F
263,f61ace220e8151fa5ca46b0c7d9e28d9ebfb1347976aa0d201db352dcc0744a2,19,18-34,F
264,7913ebfced4b4c3c78a87890efc9e1ad5b43d1d2e1109fb4f28e8d4f46d410ca,48,35-59,F
265,d36c13e43cbae2fd68f04edca044e07860aa46dfe51c824c4fdf540045a1d97d,80,60+,M
266,4e0f8fe7457aa9ef720f5a3f26d88036c00a6c4fb70c51d79782ae75cb7ab354,3,0-17,F
267,9c9b742a8bbf120579dad74479833487618259dadc6fb2b408c979042ab38a2b,20,18-34,F
268,c168daa6534d7cb41b58e18310fa172ab16d48617e0718e9658d0658562baaeb,24,18-34,F
269,3dd10717fc77ef3f7ca9969b51b61af32b3095d5491eb2db2222b08b9341ee03,54,35-59,M
270,98a0856a93ff677f05b2eaf3b054481a4413200edbb797b77f2e97e3ecbaf668,33,18-34,M
271,223f6b3b99fc066688fe0646676a8b30f1905b7fb048cb8fec8f624c945670fe,24,18-34,M
272,8b337a2eff9cd0a9c58cceb39e15726ae75ef9cf9266fec070f85adaf2db710b,75,60+,F
273,f014859dc78dee94197e0377e4ab456a278f2eae376ad90b7676445d3aad0084,72,60+,F
274,4ea3f6a2717aab61c1c76c1ecf7fea67492e318d9abc803a19bb983b493097ec,36,35-59,F
275,e826c128badd20a9531a7653404bed59b228dc96d570e77a7904cc09f776a146,38,35-59,M
276,b07ce3a90626efee1215cb72b200b82b908750d100598474f43d06153a3c188a,84,60+,M
277,2a5cb9544e9b46cc16386f36a43f8d5af6072089403b8bf64b1b15caf7c1fef4,89,60+,F
278,e2e240634b32ba3f223bdb4ee0a578c2df6dc089c38e91e52238cf0b27cc80ae,25,18-34,M
279,55d6162b0a5a03c3ea4e37a13ccee6dce1eb4f4e1054080bbfac76b9cbf89099,18,18-34,M
280,70260a122c93ba9a020a228229a64a196e74764ba8f9e475e0beb0d5b4084a85,82,60+,M
281,ca60a6085924407d60f7a0ff4ec4959856beb9359111b59ff569493021bf97e7,66,60+,M
282,dd318655fd13e069b10e38ded3b27677d41875281cc1bd377e522cfa1c9b3d6d,54,35-59,F
283,f3e0e18661ed0d1d86dc6201d4831b38f8fdfe8b266c47e0dbac2d0942963548,35,35-59,M
284,e77ed8c825725183294c9787316cde13503afcecb003de82d5804c45549740fc,80,60+,M
285,22b9ee4eb877c9f2397bbb8d9ddeb1105ef9aba9414b26aff826f1ae5cd2cf26,61,60+,M
286,45b5ea01a14105589fa378ffdf442d739711b8b89faec04b5d04e5d177a8ea6e,41,35-59,M
287,a0487e62ffeafa131bee1fc6c2600f181b5079d90914f21934fb30a7642f4a82,33,18-34,F
288,e396797e4fe38874110f11150f10b9fcf5e3609e84a4f74da37da3949c157758,68,60+,F
289,7e55471b385193c07e0148efd9f17fb6c05f015c815fa4ad50a00a0da03d3e73,33,18-34,M
290,d1759f887e3604b9365b6e62bdb4d015dcb3f0b6655c3a9d4c1ca5f5eac3fcc9,14,0-17,M
291,38fcacb7cbe05aba4591abbd862baee74f0d7a4575dabf7121d0dedfedd6629c,21,18-34,M
292,d92de24a7a1496041f2413e10ee23d9e21067c0d70ebd246a237fbe8159475b9,48,35-59,M
293,cb27e2a8c884863796712d8c0a433bd803c8bede8040aa1c395124d4852bbc87,20,18-34,M
294,b23cb527893f771c980c564aa3b70603821fbebe097d9e908fd3fa3dc3c37d54,8,0-17,M
295,e1d32e47cd19c4480cb96dfd7821b52d31fc436e09e2330de888fa08e3ccd9db,7,0-17,F
296,e537862638508e9860936c8406498361ea02ba5799f1771e07c15cabec7b4e82,67,60+,M
297,96e24297bf63c1a7819a83e6e23899c84e34fbcb68a65c7cea87d2b43e76dabb,17,0-17,F
298,394c6fa578216bedf91597859214ef408344949ebf35785f0abb11792e3d681a,33,18-34,F
299,b8df82ed815feaa334f627e858c54f2bf53365d185784b4cd4ab3c2247e263d3,48,35-59,M
300,ff40a7651aa0da62abdd542a9e8ea0bb59696a9cd79a85273559206c9b2d0025,76,60+,F
301,5b9dc79ce399296effbdb63a328de95965606a1d29ab463d799bb1366de561d4,59,35-59,F
302,c6cda4966a8785ef2a34f85bb85615a3cf12d8a944a2dff749d8704d8cb1e3b2,86,60+,F
303,9a85c0354f743d2c29f5cf66f24b4ce765a9cbf94c690b7711e1f1017a695487,22,18-34,F
304,6f01906b627e1d572e050ba243747427daeffea0d0f02e8fd4ef41831fe19db8,30,18-34,F
305,2c1a625b458492f9bbbf0abe8a8162bcdd2aee7df3b808c428a486c664b7db69,38,35-59,F
306,d982fce1a330cd4dbb3d5edf89a49f3a643a33b4e310066b542ac04a7002ec30,51,35-59,M
307,468ab1f3350a46f697daad97fc44541b2faf9efdc7d1de1e0daf80b3e0b55a77,54,35-59,F
308,2511250cf171e86fdf710e330e82fe8a2c860a3aab3354c573ae3513721b972d,8,0-17,F
309,1867214fcf4bb31ee4121daedb6e525a61a2d9b7e36c18a0bec4aa3267fdf895,27,18-34,F
310,cd6c8e9d1fe595daa6547be4081e6dd4947a08f8700a825a53f30751110ecf36,27,18-34,M
311,acf30736a78bcf5ccde047ab73ab944bcd32ad2c8bc56cbea0dbbffe337fb703,21,18-34,F
312,7d07820c1e5e2e6b0af7157ef4e25fc18d28858dc790a56b6ab1fbf735d1959b,30,18-34,M
313,464c7805d4064fa8f110f8d8b0eb0460313afd8bac0666de79eefdbd3542bc2e,28,18-34,F
314,b5720d812e0643dbbc1fa4e909d36015ec5e9be4fb6679ca7a4e2167bf105547,64,60+,M
315,123857378533fc6fb15df3b92cd63acc1a6da84924d0e4a49e23dc3236f4a263,69,60+,M
316,ff5dd64aa839e6aedff4c78d90032b97e8cfcfba7c78ad7ff7910b48c1cbabb2,61,60+,F
317,bbc6ea1e43781559b88cd6c5a3f3f0c7446ab1e166fdafa6d9c8a122a0aa16a3,48,35-59,F
318,76c93144170f29af79b523d58ed55b45c56394dc831f7373613519125aa843d6,19,18-34,M
319,cf36123287c754ba90e29a622a838c31d196240b885fbc60d256e6a5a823193d,4,0-17,F
320,0580a36e1c29b599f2c13aaee9c3ad41e6455c85e58407dca113b5b63eac9f53,35,35-59,M
321,d49c7104b9117c3c116c48a5aaba37c883aa3bda5a146f7f8bc68ba62b938f89,64,60+,M
322,93edb21d55007eedd2e54e4f81eff86247b4191562ad33ccd3d1e16babf6266f,49,35-59,M
323,1f97034f3c83412971fda412831ad0b8dcb509abbfeeba892ed3eef2e0cba893,17,0-17,M
324,19bc881812e3bb1ca5ef8a34826577625ccc0dcd20b39111f2cef0edc00e904d,44,35-59,M
325,65973ef870c191e4729933b4d925d22ae8abed5332e01929f4a908d52c56f972,30,18-34,F
326,40d5177cc3a052596d40210002367bb8b4a254ed30f41371a2fd05e4fe2a2ab9,46,35-59,M
327,068f2f8debdf87c491b83fb0cdf3479e3777b32ea028614b67c3be4352129c2b,6,0-17,M
328,a5691a7a3a00a0c5b51e66aef1425ead377f58cb6868c899eeeec7df42259d83,37,35-59,F
329,5e498be98a3ea7a31576889335424c12b5da5cb46ca723326d07f56b9c70cad0,24,18-34,M
330,0340c12d2269e8f4b3c9f759152b445e5b7957c143681d9b53f02c8e9e21e0bc,46,35-59,F
331,ec72dfe9127e346e3b864acd8a79f35fb8ba145d348964d0b7cedf5671156173,53,35-59,F
332,f4f9378213a6244b15f915a1830de16aa15fd510039a0d295dec0b67ff080ff4,60,60+,F
333,409ffeb7e2331894e5caa0beb435f5b267d69b8da2e6a1fd652e5038929eea7b,63,60+,M
334,279183168fe8c54c413807398f01f6134921cafb1465b2b69b3ec840080bfeea,85,60+,M
335,9957968e2b0cc2b9e2d072ff11e7ccebde336d3d5f3a2434ed09da4bc710bb37,32,18-34,M
336,a57c494fa476dfd3b8fb70a91a65c42d92659d73f8fa8b5b557e77b3ce47f894,87,60+,F
337,d1830bc2e353888d512212bb5f85d44929bb351f340bff0601755faae60218af,33,18-34,M
338,d33764dc7ec91865e749f93e71432b69684575f463016ae0181e18ea8003431e,67,60+,F
339,f7c34ef6448e271df841304e0b250c0df4e8f9cddc2179867c3e2c4f59cfcc6e,18,18-34,M
340,fa16d9a21ea3a2139ffb712f20b3370228aa1c983393579be78a9088dab3eef7,25,18-34,F
341,6ef9b1adf42f538f2de9d01ad1f0efdd06ceb74c3b94ac024c094aabd809bd23,54,35-59,M
342,c5f5d776252bcefcc0088c25fa7f27c745dfe5bb2f12e7912e30f2b7c2a7fcd1,58,35-59,M
343,a7f8fe019cdc912f4046ceb8035d20552bdaf617f09ac9956202275ee30bfefa,67,60+,M
344,04960dc06f786f43e08bc78cf3b126a31401032e1f19e5d833c218ba87f155a5,46,35-59,F
345,197fc6216faa570b6a1e5fea65f48a3f617d9594fa1bbf70562719845427e856,24,18-34,F
346,f3eac1bb5ddb41a41c6b9d99f46d27d41f52dca1f5a63eff2b60ec775134ee13,32,18-34,M
347,42412464654ce72ea1dac7dd13092e879a1880651c620951ebec1775998c7264,47,35-59,M
348,9b40f699876e3741da191512486d5a14f37232cc7a0815e611620c73051dff22,86,60+,F
349,facc13b45743a567d9b33ed6c8d1ce57da2f6d4eea57664a95e2f1f9bfe9cd14,23,18-34,F
350,2751a8fa17f782c49ad1ffd876d131179a62e454afbc8de1039899e6deb81e9e,66,60+,F
351,0153c506ae644165e721129dba8e8f43dc009ee0ab0290bd42ab2d55cd3a501b,27,18-34,M
352,eb8f651b7d77e8a8d20b9de45c27cbc04c43d79b3d3d4eaa8b70fce306cafc61,2,0-17,F
353,18929559c20c984c323328f155b19323e4bf774ea7918704fb64c21d0b231b89,17,0-17,M
354,8ce908ccd32b265198f006ba540fe9ed2a9e75257f481208ed079114e15bd51c,33,18-34,F
355,53231766aeced905a01a106ec6ab9052da9d64f27c14bcd892739ccf993427b7,9,0-17,M
356,ee9d2fbbb41114bd06ee7fad0a3479b4240dc7542df614069228e8f629682e69,43,35-59,F
357,2410fe4600c8ca0ef065ae7117dfefc0466471bf8a01ecee6389e077cc3b8c2c,48,35-59,F
358,3f9061f55a95295baeb65f49866856cc9b55991dac45143f199a8321918e84ee,39,35-59,F
359,dea3ed98fbef5abd847ad7d335219c4e728a164f668c9462d52f37121ead5b1e,42,35-59,F
360,d582acbacb3d11238723dcfac090ef8d51f1192e8a1d5b1905bbf179b8363661,26,18-34,F
361,33d45d92d4e52525403c71c3d9ef73823c79d1959c22e99c879fe367095a112f,50,35-59,M
362,aaaa932c5ab85d3c62314e84d055177c266e14711249ae06d0ade9d678e7a320,25,18-34,F
363,b0a112356b38699749620981139785406ff87f323b16ea05fd5512ddf8932db4,24,18-34,F
364,47e0ec5bdb9ad1361256ea23fa2ad95228f3a5bf4a7ad3831b94aacb888d93c3,13,0-17,F
365,5f61560861fea5544eb5e144dc3e7069a40c03a2afd3cc46ed60be05302cdbbf,60,60+,M
366,1c18659eaf37e4e5ba3772b75155c64f34e170e6c431dc1ee1fb9aed94dc2720,7,0-17,F
367,2e5cbc642c0622d7be5f45cad245c7dc266c0ca879405185ec5a103ac067c2de,57,35-59,M
368,3123cf6591ec5a1287ae03e2798296bcd0f977661a15cecc032da29036675174,36,35-59,F
369,3fe6151f8141384344e76d84da9fe60c132508b8d4e71f052712abb85fd53b6f,45,35-59,F
370,b1f51b6214619faa82ca2d89caea0acce8181ed43089cb6555522e5822130bc1,20,18-34,M
371,be1a956ca1049320f26f8761a1a90727c9552d35ccdbd21da8b12ea4598de78a,65,60+,F
372,fbb873e2507caf5827211f4165a51b65a8c605d13af78047d65448e04724417c,8,0-17,M
373,9a74114fcfc544937e7fc6027a2249279305273b10a7669672320b49f67b3d81,16,0-17,M
374,07e2f80d79c7dc529e28da4f3a673cb847206dfdeab578404076f93fc78c537e,14,0-17,F
375,822c6a7b8e29e89db856541ba3bc538250778993194773858268aa1beefcb14d,76,60+,M
376,4449e8cefac6a87de0c6f1ba08a71e2ceaacfc0bbcb834a81ea67466d3f0e047,87,60+,F
377,61ac9013fbe2c8562501c5c849242a3f672c982b71d7a31f51ca098acfed0132,15,0-17,F
378,01111c872f2f520d72b453d5815aa5a3f765522b8840a083a210ec5a83e2f328,66,60+,M
379,173ea9ecce92cdee3a0efcbe9d3b8aa39ffba2d451741d1f3a94ff4f36e96565,32,18-34,M
380,78fca5678a949e64e1347b719c41dd715cab9869d87bc6d373e75066d87eb6af,87,60+,M
381,29b9bc06ed62b3ffdd2af26dd6d72696e883e70fe9e4d5c5c93557fdaa8175ee,63,60+,M
382,43c03e08fcd0882a3831b586fbdf836ce96d90c2f1b2093ff24d02e33823b290,86,60+,F
383,8a3dee8249c1d8e47e48adba387595a06474056ad90e40339274636f55d9e66c,51,35-59,F
384,eb1d986a827a6da44c05c75111d2e1e25a0373a29da88f18250189fbac4b283a,25,18-34,M
385,ab9ec1ad780dc246fe869d303768ec85863483d04137dd943455101943471578,58,35-59,F
386,5b76ac59e68adf6854f5575a5ae47269e4d17ed16c3771e786f2f52fd3f2b502,63,60+,F
387,79e80a9b951fe240f7fba19ad221f39b854e2618e0d8e6d5400ce7c62ecb97de,62,60+,F
388,4d9f253c1652098639a184cb6526e27f0b0c6dcf1f11474176564a0a44dca258,22,18-34,F
389,fb6f047c20cf21c00f002eac551521bf68ef1af8c0c3c3a0d31b8cc941c3d530,58,35-59,M
390,eea1b32e951a7197ad9f3eac9c64a4a08807ad257fc8f3cdb2b955b4a73e0032,58,35-59,M
391,805fb7a61d470c91c5696d04b08b9543c9621964570fce56d79bc47a1ac054a9,86,60+,F
392,b7869176f42f8757b15ce1c36aa4be921fad6d40e6855aee61064245645b0e5c,49,35-59,M
393,6d076b4898d5b4609a4caea00a0adebfeb70cbf35b13f5bbc58391b3d8c10155,52,35-59,M
394,90234cb9ea5257cfd5c2cc2476dffca846c76aa46e3acfc4072a96216ec2558c,42,35-59,M
395,ed7c4ad1c80dd6846343684d902e3b9fc86bc98355e1f9e3b385337123651a4e,70,60+,F
396,e6988858299a0c87dc64b6416a25c9d004bab9b1ceddda9c471eb8e85f18fe45,15,0-17,F
397,30fbfc72c29f613ff6662109b388f80916474469b13306e0e527428f21fda823,54,35-59,F
398,47c4829cc7887f96bdc67bef2901c1b33df9aaf602f1f02844eb5c898794c109,60,60+,M
399,0f144d4823b35e64b65f0aec54847ba4452cf17afca72a9847983c656b8c03ec,8,0-17,F
400,6fc66c90735804678b72fce84664bd8a867f2c67a488a9262ed584dd976d6d6c,53,35-59,F
401,24f130f02301c3ec0fbda3b6e4d333013f670379a9534ad6d981a93f0acacd2b,60,60+,M
402,6230a1eb41e45dd03d13849391b682ea1857d061d4184b88a39e3abcc6e40dc6,5,0-17,F
403,fe45ba3b48b0afbe5fc0ccfe5db24edb00d600c27544e343693c5340279c30ef,68,60+,F
404,61fc5557056c4d082d64fbcdbd1893da355659a16c4865ab7900def623118f0e,6,0-17,M
405,a9107dec1b5091b442abb09b8594c776c0b92781b846a5f6c7dac6b55f6fad5f,47,35-59,M
406,04e18e41a446ce3499271bfb858388265813dcd664691aab303d6cf5c89e2639,55,35-59,M
407,ec2838215671822b9b9f29f37228f5f41eb98655ebb5e7c6c6058cb8f57f9fca,40,35-59,F
408,cb8978baf221abdc28d0a3743909d852e80176a94a275381bef215b1b8a9428c,52,35-59,F
409,b41a5393493809e19970db004e7611d525be84a2048b9ac69a495342ea57b484,16,0-17,F
410,4697552c971b2cd8936ba8459437ec47ace3a85bafa406cf3cecea76b8de4221,13,0-17,M
411,4b9dc8a897a312dd6a213b2046ec5b6a4ebd8f007586e0793b4f469c5bea39ef,30,18-34,M
412,841aaaa504a018a290acffb10930acda081b586ea932968de84cc1ec0e5efe0d,19,18-34,F
413,9c1d9de63c1370f91eaa8d05b9ddf78459a4ad352040dd05282dcb41da0ce38e,17,0-17,F
414,973e74775d5ba9a89721642d91f5e5c720a7874510d8c4016c2cffcf39ce385a,63,60+,M
415,a6836d91e36672442914f6872b558985cc3da6d108903516bcdd4175eb9c9c10,19,18-34,M
416,0b60854da27b7521384c8664c6a0bce008832528ea6c10b6c2409e2f20983a31,58,35-59,M
417,23ada66e178982c7fb0fba66052c7ed4892de9399814b869e5477201a64249bd,55,35-59,M
418,f6277ac14978edb020533c4690c66c862da45a204b1e852c1384d1489ad65d3b,62,60+,F
419,4ff3450d6a4bd7adece3993289d98a42706a3dd737c92b60e6ab9fa3277bcbc5,23,18-34,M
420,97924963f0665132a6b9fa92b0bcf6f16f33d2407e1fe60358e40d4ecf4ffee5,9,0-17,F
421,8d874cdd28be3aed2b0c465556c059762e913826e2ef7680c1280ba7b2da1495,12,0-17,F
422,766644bb54063b05a191b04ec2f4577d97ac7d5c57b06d385e6783f796f2f6dd,1,0-17,F
423,32095c0fd8669d4903f15b3c1805b419fa173c1dd7b39c2dbf336cfc4d728c8c,58,35-59,M
424,b15190575943b0cde3c14428c6108eac566de7f4820a070dd1e5fd648041d447,1,0-17,M
425,df83cd5ee4d79ea0a5c51452d005864c0425bb5f65df56950f0ba8af87dbe50d,34,18-34,M
426,1a14c5d13e3d3a20cc12b8520e2aabab617b3ed60ede8232f757c24b4a991cb7,48,35-59,M
427,f763697c9f07f573ba039015bffebbddc4419650f79c2a0cc6b640e95b8cb5a0,89,60+,F
428,66c74e0f8a3ed6780e28ef723389d2fe28d477182e4ecbf1b26b7fdb759c22bf,1,0-17,M
429,686c43b51c8a7d4ee3b01c0a3c31622a845cc9196c213e219cf6a395774bd01f,16,0-17,M
430,0dd6182d767a78837389804bfb9b14ae2004de34a99d81023577ce0cdbd873e4,61,60+,F
431,1514a22aca32407a932e2267b736fd8a1977fb10f6bd9b3cb2ca7b39bf6cb058,64,60+,M
432,109e9add024d5fe0c4641f0e8215f4bd8d028fcad9886d34d365ad9af9c4552a,63,60+,F
433,6268dd78a604e119926845385a6ad151e96919d75bd24f51401fa755bf59468d,69,60+,F
434,0b7d69b14ddcba77bf125c470d913d2bc05cc0e6923baf5b096067026522597e,22,18-34,F
435,a990df9fa610bf4256fc2dedc5f002f72b21c17a41fe48ba5b99161fe727cb15,67,60+,F
436,371b8f982187d871d9bd10dd3637a9eee6b1d6eef266e09e3adb79ff66eed716,76,60+,F
437,e3d8b46e6372bae4a46aa536934730e3767e86a251de22acea1505aced474539,26,18-34,F
438,195fea1d480bb1e3b70a4543a39d447c54fe6bf8e86c7a5a4e1c22dd94162de0,16,0-17,F
439,7e9541fb9a8d8985053b09828eb6cc46148b676c5a131940a7958eca591ef1c3,51,35-59,F
440,b6d2983c6fcecc1f5efbab1cf3d1fc22554efc85362eb6c117832b309d75722a,86,60+,M
441,453010651feb8eafd3917201b9c8be14d074bf945bb53823e56a888deb808c7a,57,35-59,M
442,63429732c600b379dc185bd516efa6eb3cb0be29c333467be85e92d62438b43c,29,18-34,M
443,122bbbfd2ae65627bd4930d48f4f7d9773a2d74183ef2a7d781b1bd506aa3b19,78,60+,M
444,ab7c9f0d1bfdea797e6bb9698f7380437267b8e6bfaefabeaf26860bc043cdeb,69,60+,F
445,03274062af0ffd898c391b95921523dcbac9151c7d68ff0e8f66b81f49745d78,47,35-59,M
446,01577e9ff942413003376b7e330207b2c1c84d405af621ece7a3d9f4d0f38e23,62,60+,F
447,4e7bdccef1638b837a11eb7ba247d725669f19b06464a5a3f51e3bb5378ef824,69,60+,M
448,129acc6bcb0ee2810b389b956ff785900e285866247795c5e13a945e70f6cc1e,76,60+,M
449,c3e331e19c88684830e16aa6d905497dcf5c128377dd39b3ac274ec1d53d8195,16,0-17,M
450,e6f445e8468255a335e18389e90989028f79761a478aeb317e8a543ddc60d588,48,35-59,F
451,73cb0f71c242d865c376c2935c97be0070a177b85d08e7618476da6268e8be31,85,60+,M
452,be4a5e522e57aae376ad2a963c9b2d310550b32f69b05f5ef7e43b22e7c6166c,39,35-59,F
453,43debbde93b03014166e396c3df2aa616157bef41ee1865af31cf95f28662a8f,33,18-34,F
454,23fa9548b8ae4f287bf9b403fd1e8fbe95d634936fd5c88a177978d498b6473a,23,18-34,M
455,a01262b903274702b2ca7cd9b4d242834e07086bb89872fdf5005d777d8c5390,10,0-17,M
456,297549a9613ac513435fa6ea8c9626aa879823321b1b2b84071f52f39ea06404,69,60+,M
457,fb37092c6570fbdd2aa0596698f273e1c6b1cde1ba6197e0a6dc0da359c4c76b,34,18-34,F
458,cae4a0af02b9dc951ea33098913b8d7657ed1f6e87686f72996893d3f2e80939,52,35-59,M
459,df63bf234903f85e80de654f0fe41c2bb201f287f730b49edba4648b968ff8ec,10,0-17,F
460,a0337b8604607db8d55dac1075f911fe03433c430f6fb78e3c8c5a451ad0d6f7,19,18-34,F
461,e5900bbf2c4ea6016b82ccf29e62b4eef47afc2c44803e6bc16e3ce4c754474a,58,35-59,M
462,46167f9a32aa2ad2468d5e95e5b475caa9aacb7d5bb19ac2e07974344d2885f2,1,0-17,M
463,013141f01dbd010f67e3485edfb6fe8e75c867cfb866e1985116b69481c224f2,69,60+,F
464,93f5d4f841b515043f5afd99536df030fc296c80f99e515bc96ca070c5217dd7,4,0-17,F
465,c473d67546ab6c0cc9a1681430665631893829e095cd6f5c1843450b68cef2f1,16,0-17,F
466,7680270e9c09f269245c2588486bd9508e716efdc22988582b85e38241b1e327,24,18-34,M
467,91fdd0479978d071a7671956ab21cd7ce65485103ec6f16c97d5ec37bb6f9417,80,60+,F
468,efa8fc14b0ada39fa65d24c56ad3dbad71074c388318e231e425e775ab133543,2,0-17,M
469,68233dae269a056270a6cb70f9651bf5b146d38507531908a953497f92300023,32,18-34,F
470,22ca13844ae9dfd67f7c85ed55a55936ce6234c3d0b22c7a68d13e28fd6c01ff,84,60+,F
471,596aaacaef4591a1dc449ceb161f18e8914679a3444a28ba521cc8d0840b1632,24,18-34,M
472,e5bca132e20491c25558f014b0aa99dcc7b1f51683e95b13c589d4af97d18bfb,12,0-17,F
473,887c09e6d06498457410cf38f047618b0c574a5d06d91024ad39981c7a0b4a9d,50,35-59,M
474,b692c9f0d7e8b8b12f709c2474147fd84d5189a69d1a97f679eb9e5390cbc082,35,35-59,M
475,44b026c4e338c6f4b4629ce4c56436fc895f46d76c5a66e9daf82c741e17b73b,33,18-34,F
476,a0918df5916950a18af4e1708a3aa69741ec0b1f65e0f5d645eef745893dae5f,33,18-34,M
477,9992823aeee2f782636d9bf80b40843c39b9c62fead12141c6022cf6e2456b5a,61,60+,M
478,fa23a85c8d92e86ec957527ae39ae31d8ba311110b7d1f5a498ef09b8d511cd0,51,35-59,F
479,79016027c2d11aecee6dc5bcb6472eecdbf0b835ad6584133049c94ba27c1564,43,35-59,M
480,1709390611080bd8431e4d8adb8f6854f21f69efd16b016c0fff9848c3eee942,12,0-17,M
481,0a270d5974ac055c98dc8708ad08c269f8899bb504f5efde0918a1b3abe89765,67,60+,M
482,4c365efcb84b04e8c656da819198d45e17be7ff1bc27dee90bbca40230003647,65,60+,F
483,e9d2bb3193010f4b17b73cca4178a2aa589afb461021588537a75a6be7a0daeb,33,18-34,M
484,977141331119f65d81499b07f58dafe7200c0dff26a81e396e6e4c1a982097da,40,35-59,F
485,2a36ea39eb5b5381b13d981009270156fc1a154907adfe42e4220517c6545930,74,60+,F
486,89f50755281edbf7d0be5ebbabdf450d3a984d5cac4b507c17b97e0c7d021f76,43,35-59,M
487,96cdbd2f1dd17773c4205f8edbb04246f21ccafd2841577ed595a3088154ad44,44,35-59,M
488,cadcbbde12ca7adea12e951a375bd907f9e1c05bef10c78a2b7d6e77e661c23f,29,18-34,M
489,38b5d58f6d8c6db202e054767782c61479ee130575a4cc6557766caa90d27762,13,0-17,F
490,96be28295e24737d8b59341023e6c3d6825acf68f8bfb52f21f5d3e443a88211,12,0-17,M
491,ecc08e4b695b624ecdf73d6e33d2557e381ef090edfebdb915f1863dc506b37c,46,35-59,M
492,328c99c4ba06ff5bd04692a89bbfc5953c5bf2d550b2f29ecadfe7e8ae32d785,2,0-17,M
493,79120b8e74653081ceeb5072b567e8510395e086907344e9c5eb857d0e9566f0,35,35-59,M
494,45fb91998f543502edf612f955661fd0c26c3fed656ef1167d49d6db39b72e83,87,60+,M
495,8955713578eb9fe97273892541280d74a517dc691361a0595217cf78ac04e55f,81,60+,F
496,7556d630b5f3c6ba14ae47537f8d1ddf8c336ebd1001553b857a324a57e44555,8,0-17,F
497,a96fc4ae21ec1bf89fa2095e8757d57170898b1ef95c5eb4fce753ec7fff5851,26,18-34,M
498,371ca4df49e01cb1c56d4e979e2154716fe9f2680f930d8b2e19087ff11be003,74,60+,M
499,48f2bd6afbee0abb87e7d45345342834d7fe1d030e1e83cae1957abda903c2cc,34,18-34,M
500,e0aa539d97db97678140969e16584818315bb4a34461050c19a1f7de64d3d6cf,7,0-17,M
501,88eb7a145875f41958248ce5b78d07af43ec6e19a4fd42344d9d63ed33a78987,68,60+,F
502,86106965f4b720649e27eccfb441e33538560fcc14cf2a38830865ed3ddb6e8c,58,35-59,M
503,db94465b3a6973a2d5daf04dc0bc042ad0b8e0908636c5a2b2890b5cb6c39357,75,60+,F
504,8a21661d0a9c7c4af21f9657d296ba7730a669d1e75b615de96b2a70c5dafc02,29,18-34,F
505,188a981988de4b0666ba4fb5ce8b601575d5193eb6087a429df2985e9192fe6d,36,35-59,M
506,be18b72d35d694e3d119f32261f183ca4eb4b93e71a3fd6d0bf033b95cf9a3c6,89,60+,F
507,30e45ac1d451c20cf5a6f6fdfe4585dbc35d3321516e914ad9fa5d6e05c60c74,21,18-34,F
508,ef9f09bc7b3f5b63d6f1b7ac44af981d2d2c85b0b468557afbf4cf345199dfd5,36,35-59,F
509,54a9b539a85a96631023c75b73ec0bc192a14f4ebd990d5da05ef1e57bb1f937,10,0-17,F
510,5e26eaab97f028f96fa7d741f6dd74a9f3d53d4b3987fdeca942ef7b49fecab6,73,60+,M
511,432afed31cefe88724e85f3a3b57140b7ed9b4f835ecb72ece59ed477679bb9a,24,18-34,M
512,90a93ea1c5dd360d9ef4315227d00dfbfc90d487248ba66a54628df8a2723ccd,64,60+,F
513,66707c41683f9f1ce05822daea822fabbf0961164d816b0284a0b04963e1dca9,49,35-59,M
514,66f227d67ecbcf2b7d4f17c91ad4360a4b91b70814fbec645ba3ec86bda802ed,36,35-59,M
515,fe268d71a51fab2cd09ead35643cfb82af8fe5d83a1ebc4519d359cf8b6037e4,82,60+,M
516,83e11936a6ce4e4f8cd81e443601d87f4d0a0d595ce0621fcd8d67914419e02b,24,18-34,M
517,864deda750eb45c6fd0a4eed12191668fb69c7d6a253a4fa1c04e05cd0acc07a,23,18-34,M
518,0b0eccc44644e11609a410e269c641b338fad257a6e76c82235a5790b214dcf7,62,60+,F
519,6776916c207b8ada0dd9d0274e0394d4f715db274cc31446185f0752dfc90333,37,35-59,M
520,5da2987fa7bcc372dd6cd0e6d540b09d59fce1c87948299fbe007c05b8e1cfe6,12,0-17,M
521,517d43d8510f97dceed3fa06af9f1354679aa1962881f98b40f731cae70ce797,55,35-59,M
522,91ad7fa8255b70c136ca06a93e3cbd779e0c9b6f049153e8937728e755908110,13,0-17,M
523,aa80b3da9e44c726ff944463e5dfd063cfbb861ebe29c5320493bc349c9c12f9,23,18-34,F
524,20a41b4e3bc5862221798f66bf3e342d19bb2920518c53dae76132741779c513,89,60+,F
525,c294ef03cd7cc111c19f27c396de91501012dce1eedc87902905d15f87e09ef4,30,18-34,F
526,d1f913446a46de69b5e4f3b8b32761183a1e2a4f282978cfb91e8b943f5e4432,17,0-17,F
527,927dc4edb7d207a418a3d7fb21f16139b0a8c9b3bb187ac1860a6b009785f150,62,60+,M
528,69ea7a11f7a72116c77050546662fe510df65711af71c6dd46582dc0db94dd2e,84,60+,F
529,11e0b951a65cdf4e5e8a1d995e691ca0fdec716b7693f23fbe596ef7e8c51934,89,60+,M
530,c8fef7cd6be6c6b6f6e3144af16285174e4ddab2413cea4e2621919525143686,86,60+,M
531,b7bdce034b90dbf988cdf9a8e3df2cd52d2303290be32b98c1f358c87d90420f,13,0-17,M
532,c1ac1526aa55448069538480c6feb37bbc07855311701ffadb50d7a23340ebbf,59,35-59,M
533,bfa0bfe92d0d18c06064e48b38612c96cdb202b3e2d75042c04ab7c745667e3f,19,18-34,M
534,cab4f2f008db9e49be9d7e31b16c4f12831c3eb55d0b02841818e39c5ead2b20,49,35-59,F
535,ebef6019bc116369f88a3ba13290823e7a84dbb8acc3fdcec76b9ba9344f87b3,12,0-17,F
536,f6b55c6c55e88c4704d92a5060e1e0782a863dbcbd5d7a9f3745f209aff0bb22,61,60+,F
537,2626165f5667110a960f25251c85b7378a2d917b8813e22f389b0155f24b9390,19,18-34,F
538,db6bd7e03e71d72232d9f36b588325a61f6aa683cc8c3b2eb37c50935ad4a06a,76,60+,M
539,389224bbbe44bad89b5ebabb208a2dd9dc6c505bb1f70ec5d10bd8a1dbb39fe9,9,0-17,F
540,b777ab9dbb00b2445276bb55f28c14d059fd810d33e7d70ed3bcc9af4173868c,71,60+,M
541,b8fd2a1a1c5ec7677f2dc7269ef229b61137b90a4ffef13d4713a84be372149f,28,18-34,F
542,f88c5aad8711d51c67e15cabff6c7c6ae496b90e178bf0d45a8a46defef66981,78,60+,M
543,95b00b9aaf3736ac503268f1b3617f4b8aefbf5650b5845ab4e7fa9fe22228cd,52,35-59,M
544,6e43041c9122a231be0bae3df12f0dda8546bb4ce3ae7c245b3d9620498656c8,83,60+,F
545,48c7f24fc1f6c6f17f10056f4c683306cfeb212b7de37d363f1e44f0875cbad3,16,0-17,M
546,529ca66c5c5fd8c7a3b807711d53e839eea04c84ea63a549d782f96da29fe722,69,60+,M
547,a9a58647fbb22d271733d04dd741288d8485d2f0914f1a8a27888af91207a041,12,0-17,F
548,7aa738c0275272faaa26ba962111afdc7cfc2c86f42e946f407f9f14986e25eb,25,18-34,M
549,7e5b6af1ea234622901c5f55eb2b1819facae847418047e5778e69c06cd486dd,52,35-59,F
550,925ce7378e980e41387625e93fefde2c2f08a5579814bb40b6688192abfa9bc0,85,60+,F
551,cc0c5d7434d784eadf632148b0197e9ccbd0596b6d45f41e43da2a7a905b4d34,53,35-59,F
552,ec40dfd894dccb35c272af29b862586999f2fc71e834dc3950add816848c1f1e,23,18-34,M
553,bf2db247cc4d496939ecf9a13111635c3602a2569d75c180483ffc9eba0f225e,16,0-17,M
554,5b82996ac193a71329e6a1e150bf520779dcf1cad88dde3225e51e58d3726336,57,35-59,M
555,4ec62b1bc85bd123dc7fff035c4eb0aecedf515c14c65d4187512e6229fb12ea,39,35-59,F
556,2f5ce48317affd6b71538d769a946c62a8e847a044b1efcdd934f540b89260b2,53,35-59,M
557,7531c5fc2f02e75b3438b61713151175f6fc8865d99519b74e17d1457e772cb8,42,35-59,F
558,21aa6b253ccbb44068e92b852353b0b45a2141de83570f86edfc7e24555f870b,58,35-59,F
559,d9bf650aedbbe27e1373280df5f93b8fc117bc274757a88b620e8756b1563228,39,35-59,M
560,ea7619ad1243741717991ffdb6787221b9bcd544c607403a7cc42c2d92112ae1,14,0-17,F
561,195d064e4e90db91f7594bdcf3aa1ed820bc963d75bf1e5d3cf6090ddb7a2535,5,0-17,M
562,f9499c0f27caf174009456a8ed3cfcf04ef395b754e3a4796f07d466259be2d7,35,35-59,M
563,72f1cff1c6007b969641eef020efd635e05670fa5bb5fa648b61d957b7999959,87,60+,M
564,8bfe753a5f1d51a532f617864baf54e8c3eff9134c40040c94c58099ed5a45eb,75,60+,M
565,fbeabb77aa5ad191de5207601213e412a9fbda7e301db9b7ca0a2376f24e2ac2,18,18-34,M
566,641692ccd43332703230c0f02a8b8b47f29d5c74d04e27d242a98efe921585b8,76,60+,F
567,94fce302a2aba54babf9e91e0733c629fa3f0d81a1269a28ed74a608dc70e41a,9,0-17,F
568,905f0725fdfa07b4a7808fb2ec3e45660ee4d3bd6369dc5847d27aa6759314fd,74,60+,F
569,76e8a737ad266bde4b722e591c5415ffbc422a7b567c1cd2df2e74d97edf76c4,58,35-59,M
570,2778567436716caa0f956947228e2a55d7c1d148c512380a31d27743bfc1ee59,17,0-17,M
571,ede525114a64f2b850f26a997af0f2d269a7a36ed0f5b3e91123acc9dd861588,7,0-17,M
572,b409f57aad13df5e4dcc74fa42b89824ec44ca4a25f58c99529ba19adad2a705,46,35-59,F
573,0e097de50e075121babe5c3f995e7dc039a9c491a6226fd4b01cac4b2138b352,13,0-17,M
574,8850d786584f984a943abf708721ab45f43d88af41e5688f237ad72695c83063,40,35-59,F
575,85694f87653893497506bb95ffcd323f127d0222822f18e34b9010228ab23ef3,42,35-59,F
576,0cbb05aacaed2cb18dda848f1d204d6e31b70e26255e3a680b24ca779451be6c,9,0-17,M
577,dbb196c023dc1e11f6052dd606cac3e8e6a3491e12376cfffa20ac83c1aab191,50,35-59,M
578,96c473749f9141623d89b64aeca100145bbaccd5c85b0acb02b014384a6c6b7c,27,18-34,F
579,c23c48becd40f295b4271d36fc7c66ef5d8c4a058cbc9ef764b3b8b8cb518842,66,60+,M
580,499b9ac8f39c03e9394f1edf671a4ad97097257a4c071eef534361a06acd3fef,5,0-17,F
581,ca1d07db9975728c61940fa6b768b8f98fbe0a642b230db47d033bb2e8e7dcc0,29,18-34,M
582,2cea8461274db75be8b5871e84e130f5f108a0a8e9f6f7ffacea3191f9d02ee9,37,35-59,M
583,03a90aee648056c58ca73843e77f74cee8e123fa9c037af828fc3495ac542f1b,38,35-59,F
584,1bcba1be6ebcd72753ada900be2276e30ca347319e4d4f4bac4ab0e958bee08b,83,60+,M
585,e58c8a1e663e35e53a7318e78dd52e3343289d67bbec4937fbe60829e08cfa79,8,0-17,F
586,c5826a5fb38705da3763c7321f95e9c8b74dd03173d3cf6106e1b783e35df5b9,65,60+,M
587,9c59bfe2c1f77d884438dad5588cc56c2d1eb311f24327d91bbd4ec756182945,86,60+,F
588,7f4ac2a60819e43f5f41eaa72d3b9e07da1b2a31cb5145631ad8e0393eabe596,17,0-17,F
589,4fd8519c3bb901edb5b616ba8d390b968dd60c311f0b3f507a198298794bf588,71,60+,M
590,ba22bb2b3c2a55e54535cce260eb3a5b71544799b27c51d8e7e0f92a373ab1c7,89,60+,F
591,8f2d219ff159a4f4c25f49ccdc360f6d57e27f91f64c770c8c8f57f83e4de487,45,35-59,M
592,41f2e9ab1a229336fb85db1eb3e0e698bf16cd77abe97dcb4a2f5497bfbec173,4,0-17,M
593,f3b05eb98731f7a6b6d577ae3c8d0bbd3930e74a7346148ac99e32eb7ee7fe40,36,35-59,M
594,d9926c87ea17703e141079deb9457bbfe3769cb52167c2f452a739d0a20fd715,70,60+,F
595,4cb3dea1efc7b494374bad240f3f61f00a4865c1c51129117f83a1eeb9b491f8,31,18-34,F
596,468af64bee384629212ef50fce4d2b379f42fc5a0b6a1a0cf2517f4fd8e76e23,19,18-34,M
597,49bfb45b549bbe82434a890a0ba08eab1101e85015bacaed206faf44cdbbbbfc,61,60+,M
598,8879c1c2f98407b6feeac68d19ac0e1ca268a4a87d3698f80da08bd4e31d8b52,54,35-59,F
599,09a90ef799690a54db77b1af4eed592f94ec1ceb20d1fe3c06ec234bced9463d,39,35-59,M
600,489dfab79f90b0e9f60091711e0361fd8a5c0c6afe889a9efca43316861865a0,74,60+,M
601,8a34941de0c4681ca983c11f5faead2af1ce70deb60e32a336da9e2210b84351,19,18-34,F
602,ca45ef5dd575027220e2a7899223b5c07a1dd0c9e283dea282e7e075550438a0,39,35-59,M
603,3fc6586b6365a289755c2750d9c1e2c4f5361546fc17435aa3cb08b654d59e2c,67,60+,F
604,5ed250d2f6b61950d6f42e71fffa1e78ac7db8ab5873440c05e57210e62b0b7b,45,35-59,M
605,be05e30e9607265c2711ba75bba055da3f621b433e6bcf14521ccae5bb214bcf,13,0-17,F
606,beaaa34d8fbb8415950bbb278d27b851210f31281caf98ef095ab180e3bed317,58,35-59,M
607,cd9384f66bd45eca1b3c2d0ed02e3e93b38ff74d87e689fd1d0fa06e2fbd488f,20,18-34,M
608,b640df075090dc9249315f3f0d1c486d0ff8a161f64cec9df24f9effd04cbc70,72,60+,F
609,80f6cbf9a077dfe7b3cfbd48f89fe56b90fa86fee9222cdc043ed9ff77c582f7,61,60+,M
610,6d8e59959dcb656b173b2318af507f0847c84db1c9aea9292dc438b002798912,39,35-59,F
611,6a26f63a5b41a792f8941955893cbb89a42de593a89905d16d46d2959efe5f01,1,0-17,M
612,65beb1af62f8d7eaa5cd2ce5856b7b69a2687f2f8a9f9deeca7350577594af69,3,0-17,F
613,60b14521dbfba48780fa0ae24b64ff97daf514bc33c6a5bc4e7731de1c57f2a1,77,60+,F
614,0678f386516a9ae4dcd2c814f9670806ac8a51510233c75863ddef95ddf8aa42,62,60+,F
615,41f81ec9284af348bde14d6a4e119d4e52f312d4beb2eba5f4f5a348825898de,63,60+,F
616,038c94efb1839458a9477650be29ce28d0f204104e27654845d8a14380366083,25,18-34,M
617,a78ba4851ef01e58368ba1ff4fd0464dc9ea0418272384765839f636170371ce,56,35-59,M
618,e06964c152a7328283a54fb657e89236fd9ec6d8ba06c57d6f40bb6e2bb8569a,33,18-34,F
619,8c002b9f6a04efec7bd26029fda4e739dcc64b3369b263dc56ee707903b17c38,38,35-59,F
620,617cce330181d106be274af15487ede9f69aa99dfaea67d35814b2bc35cd9c30,6,0-17,F
621,a60b04ceaa2a8540367527fed198dd0dfc781b70756b7ec50035a3e3dce2bcc3,58,35-59,M
622,f71a41356c1e895dda5d6cc9bba3696c47ecc04b80352318e9d98f4032cf4a13,44,35-59,M
623,9148298f953141f736b45ea5598d9421ac55a6b1d2f947602d583a3d00aaa374,45,35-59,M
624,d411eb8776a5e9f905ca9d382d93b25cd95c4a46857b0b2c87dc169b4fe8ccc6,32,18-34,M
625,b5567c88885c409bf30d8246487de54cf5c74bdc3927d945ca172702213926d4,45,35-59,F
626,c96a288918d5b4ff481a1f4b7cb43616f81de886ee11dfe82d77a1f9dde01319,61,60+,F
627,3532685b10e1bbe4d2cbdd43fd23deb29ed863fc13b5adf60e948dc795d658d1,47,35-59,F
628,a885ff43cd905653e4c0314c057ab42613dd99b34ef704546be6bc8713c33621,21,18-34,M
629,ded422eac33a8bc9f7a9ef5f739fb4b8656fdd9456dd36cd1617e0d4ead12be8,80,60+,M
630,d236dce7332932a96138ba383749962c8cc0b170d8b84f964188e5d6598d694a,85,60+,M
631,e374edda8d268e93419dda524efe5a9c249d87487e703626d73ab3dea1cff96c,75,60+,F
632,141a0e7bd2501094971f4e99f8ec025545a19282739152617c35cbea8be6d1f9,36,35-59,F
633,0e0a9df9c47212ae2a63c87ae7b19a437395bf76cf87d19685491008bb1bb708,19,18-34,M
634,0e3aba5ef6243008a30745d706e6258ae0c0ce37ae6e6994f04f3b63705bac52,20,18-34,F
635,b85e5ab1da9280a020200f1e23a89452b5055c24c4498322184f68fc1db2ef59,57,35-59,M
636,ea57f9541bd369c95f4ff7df5558d8e75eb1d77a09360ed6eef0f5813c46816f,18,18-34,M
637,4e6c462680445ab9fbb9519c651df18e5354590e90a79d224babf30916a09d59,47,35-59,F
638,e25850172f6695c05e5389b8dd21f3d3ddbc0701f13056eba75fd60c46adeaea,49,35-59,M
639,9a629b2f621fd28e2624061785b71e4e6d77aa2e0edc09149d4b43aea1dd2de9,14,0-17,F
640,5759c3a7852e37215e2b1fcbc9dc93ea633153e413b935872476af1057d60d88,15,0-17,M
641,8a7faa8623bc61620bf293eec85c8eca64ed4ab25f6da7df1fd8a6e356a753d1,31,18-34,F
642,a8c7230c7f9ddeeed3a137d04d0977091d07f0b1afb00185097ade5d7ee30311,1,0-17,F
643,14061eb0cd3922b2b4203be07ea4661f06db3361ea4c5eb1bf0da2210abc5911,54,35-59,F
644,4b884b8fffefbe5ef3f90b6b9bc55ee4b8c33d9cc81dbea695a075f7f04969d1,3,0-17,M
645,ea2751f14a9dfd16b6d535c9cd93faf8f3c9ad2a2eb89bc573d8b55a1a6f28cd,16,0-17,M
646,6c448ec9c61fb7e96142894202731ebbf90c792049985fe8e4d70fab39ece512,87,60+,F
647,78c3f0bfb20bd7e2eac33976a2a4339f8de6fab8657d0dacb21f9eccf8312f99,57,35-59,F
648,f08d8c394197f268085df4ba55947c7f8113a374f069458df73942fa8615ad3a,75,60+,M
649,5dfe6ff17f1fb5a7d527d1031bc0234a7ac11afb8877f8f99a9bf86d2f1b3639,12,0-17,M
650,37214b7b25f550e039e2ab8d3f369dae3bb98c552b9fba8adce49772fec9431d,74,60+,M
651,c07f757d52e7d69c89fb9da202521ac77d2107403277b99f2e82d630f7ecca29,16,0-17,F
652,7285eef450770df8323960be35abf2d129ca91de03c34e6d4b0285d630f5e526,72,60+,M
653,9eb0ea4cf1878bc3c6c735c68931cc9655a101a2e23ae78567f4e8f75e21a99d,76,60+,M
654,662e3cce1da17f519fa21cf574ed1035c0fc9f376a5d4d651c84abeebd833356,24,18-34,F
655,bc7ace0670e023892d5d27927d0051ae2d4332d988074149c3cd4c1c6c719262,28,18-34,M
656,b3e5cb1d0d6ab80942836eccbc283eb95503b86879ac116f0b65be87e2c61b9d,8,0-17,M
657,7563ffe59662f917c0004fab8c9b3cbf4547dd8371b592228a376b108999cc81,36,35-59,M
658,c0eb9cf2c2843a9fa2c84f76c93a046e1cadaa5709406040f557b52c3544c2e7,8,0-17,F
659,301d247f1e752e5384a5a72fc6a8cc05fe31b4773df2860dd5f0348fccf1dedc,58,35-59,F
660,e3543224102afea5b327c8365704333cd39bb1f3d9495eaca1a3c2917798bcdd,60,60+,F
661,5dfeb9fefd3ec5e5313390897fe4ef4eca77ce6ae565787c657915efc106a65c,50,35-59,F
662,2a35aeed179320f6ca40902ea19cd04b047b3c7d8f7cf161215356332ce3b43c,28,18-34,F
663,037cc63563f3291275e82c8fd6acdde51c4e2f3efc90bf55b35dd9a3f26ed99c,41,35-59,F
664,8ab11e69790717002ab19ce8ea8e4038825bcce4016be83f3f99939b27e02d58,64,60+,F
665,f5c9ee98985812259e7ba3e65dea02beb5cc27b46baf2ebed50ab71ef1c227fa,27,18-34,M
666,d7867960f95da878820a1ae9e5b23e1fb6fbc442c3391e91ea03862942d86749,63,60+,M
667,839914013a784b3172177536575b4070f48a2cc6886471c7350464ff625070b2,17,0-17,F
668,3585ffc2a18b871231195568519dded10a15f4cc542e906f5a565d68e55f8571,73,60+,M
669,6cb8e4d6bf354cc84ae69fb758f5c7f5e7e6b8522b03d9dc0dfbb17644aa45cb,33,18-34,M
670,17cf947ec704d7f4704209b34eb7a25ec8cbae93037e14da506a52be3a0beb0b,84,60+,F
671,1fd9d043da99a6e1aab35057572af5c25335c0e56fc8fbcb0c9a3eb9f3b4a00f,77,60+,M
672,766561c60c9ea50d78742e05b686d9451df894f9dc29048cc259c0114455441d,29,18-34,M
673,01f9fbc514d6987a26a052a8d6bff3dc37c8a8abc06a5f25bc8f94bc9cb210ff,13,0-17,M
674,32966b8ab48dfb71b44b023c3c9b7bfb8f6d85b1c4d4026cbf207573dc6d46b0,46,35-59,M
675,5764997773c07cb1c1359fb70b3aa4cc3f35406e17be327df68e989d09bff9e5,35,35-59,M
676,844451b4e5ae99d8934fe7993b992f3d51f958434480f63500f344c2b2072256,6,0-17,F
677,b89b31dc29330c258c57ae30553ff04bd6b9f4f9504ee6d2d5edb917d0e593d6,82,60+,F
678,f7982af957372a50a4ea49c88d941e3102f616a28d220a4a74aff1ce60a380b5,69,60+,F
679,0edd14f8a743eab662a075911e4310989778337c3d06257b44900a0949ec2b91,47,35-59,M
680,ab9dcc8616cb1d2c00a08ae9b80294f9cfcfeb15af40d74e15fc220a45a31d09,25,18-34,F
681,5aec8aa5d5038b8c4df4037cfe85a5d6b717dacc7aa5d6b607e6427acd1d7e71,66,60+,M
682,7dfb20a520b10a1cb9046123ae57508422b8c20a245a44187c6cb0e4f5be6bde,10,0-17,M
683,d6cfb293fd3eecc4be95230b0cdafcd55c941587f834d14deb9830f6441145d5,56,35-59,M
684,4604a18f5ee48d5c074dfa0c544e3dd79d23d1f0e8ec1e7610f315ebb616ad65,30,18-34,M
685,948d4449297fd140cd8ae80d5d040609c06291818729f0154ef21959b946537c,5,0-17,F
686,e6f4a8a96991a27d63109d174aef742afe4a569333268093f6c6a6abc72d9ef0,33,18-34,F
687,c03632381ccdda8ebeb89763788b63224c7eef94daed4d82b99f542b1512cb31,65,60+,M
688,6f387c02f7ea6b78f37b32dd17a5d69f43413b16203efb5b974b111fc494eb84,18,18-34,F
689,652361b7af827e073c98355d5cf6819579d20adc60b421338dea727919345893,49,35-59,M
690,d87f9adf10bff7d2772d28c5d0afb0f6a836cff1327551dff25c36823230659b,11,0-17,F
691,e898137943ade305e44fab427d94118e8372d97e7829b9c81326377d08960a10,85,60+,F
692,c144029423d92232aa098c09332c5e3586b74fc95b856d15b19178e997e7bcfb,26,18-34,M
693,9c25ad5aae5038e04bad53c1aa04e07732a4662f1d5fdc54546fed92abaf3f6e,63,60+,F
694,c3b80ed5ec2b086e5b278f0fd48ea82c92b23a810b6e1809a608eaa2f83277a0,89,60+,M
695,2e600d0fe32208efd935b588ab1f3767cd8c88d3898d7ecfe247000673b07944,86,60+,F
696,426fa7421944b29696d90a5e2628a2c706fcae3dceb4d3218eb1edffce4d3bc1,59,35-59,M
697,42c4d790fc852cf9d6eeb6582e8eec69600bad1077fb6bb0c5fe84327ae95d0b,27,18-34,M
698,2f21de789330b61d9509e4f933b1ace3ee665716b43b459589c1b3f1c06801de,49,35-59,F
699,dcd877ae58f6ebf60c04f219bbde83a798fe7bb2ac4d96b0def23be8dc84d6c5,77,60+,F
700,f3a0fee603ca5d4b4c2b354c6eb933067bc0a8515356b19603216bb48753e0b1,33,18-34,M
701,6c9f52eee86f9db84b63712f6fed9ae9e325e6f59dc1b55698974f9e87d8aebf,1,0-17,F
702,67b4313f5cd53f9f94a17e7e868c9710fadb6cf7609b7ff5c46cce6948d50faa,21,18-34,F
703,8018253adaacf5e9a680ba627aadab9ed3382f411f9fdb62b8bab49dd2ae9413,55,35-59,M
704,890f71273dc8947dea7a2836837807cec2b1d8d3c6ada48546f8e4874431b1ca,6,0-17,M
705,3eaf1e5228a39d8b3959c42dd9f738e2bf3d59ce439109d6a467472e5e3370e1,81,60+,F
706,556e93ced20b6ad2780723d2603905a2ba3ea9a0b3a0e5a83d012cffede3efd6,69,60+,M
707,d2435a19d853191775c56e635b08e13daed78a64492bd67f50d2e00275eff958,5,0-17,M
708,4bd73ad2a09609e5746110ddec9dd33d6198e83534e4b0606c6f500c1a6a4fd5,3,0-17,M
709,7fc3a93fbccf7ce0d1968c7df0b812b013622b1ddc2ba3bf61b39ceb18058b97,53,35-59,F
710,3c207422b64c212702998caa186cce78f6da68ff19e45b95d36d9cf8182d8651,23,18-34,F
711,c54e16ccc795e2e90de97c854d4b7e25b849bf5b8ee7eda80f5c747bfcb81482,53,35-59,M
712,e68867a11fb8bffe0959821e9c4be382fcde9be2286ceac3b797cc8c0902f4a8,37,35-59,F
713,1b3c77b626064ec40609103924dc03eeca4a22d3e6d56e5cf15f44d026703f95,74,60+,M
714,204adc77aa9e2c82cde36bb8cc425352955c0a315cd18930ddb55cee6da29f48,74,60+,F
715,4e921f5d4415930badba7e49e3f5dead419bfba207177e444e9dec0ddf3088a6,83,60+,M
716,84c045144748134d9c465f4d26d67c287adcaf481531748899a33ca0717a297c,17,0-17,M
717,849a20e04fafdcb993d4d13a1587686d84a5acaf35cfb5430e5b8a31504bbd8d,85,60+,F
718,32725715ece21427e01605b296e88a8ad44b575f2b77f097e3e9337fda815bbb,78,60+,M
719,fea2cbeb09cf38535c943b80f695a47ae63808882e3fd4d5794477f08d966a82,73,60+,F
720,7ae62ba71b8f917d2d62bb6a346122deeb4980485d0ad1fb387f50ce7070be5c,1,0-17,F
721,c7937147fb7a2a1332b7fe3f788fd52b958931a61a850b33491e9b250d457179,51,35-59,M
722,c7737a1577aa35b9f15e2fa21d63d9fe19e5ffb2b3ea9d6f0450d1adb3db27a1,45,35-59,M
723,dac2160f8afc56ab673b2c53c210c637ebf9d4284d5ca1391ace8be1e456cbbd,77,60+,F
724,81487dd64bce46e4962c5986282e54e475186b42a7e947478951a44740fd03cd,4,0-17,M
725,14d8dad6a6970c5d420f0c4fb7ce9b2a9ed3e16b3d31860156877f614b7ef0ed,62,60+,M
726,09436cc53b697d081e4070187535331c80fdef2ed179773ba79461cc225d7108,65,60+,M
727,89059f3b7a79ece4417b436916536e2c02755f10d11e7e1ea3d7b929276b9d21,32,18-34,M
728,7ed8cde51c0709b85ffec7c14f53f09d4db81f210b59a99115447a6d39d8d435,34,18-34,M
729,80b5de093439ef9ec2a16710e9ea2f5c82192c3de5bb835696b32ce9a4be5b06,72,60+,F
730,bd622753411c78c474b2c84118870bacd5960879997bea7d08304dead70b7473,39,35-59,F
731,d06d669591c1b21c709c29805d2578d5bdcca54018b110a994bec56aca7b9d57,26,18-34,M
732,6e92bb82eebfaa520872771abbec0ab73209f0e05e4696959eae26f2391fc4c7,34,18-34,M
733,ec73a211fb8a6ae4f40afbe3e6f6270949714f5df3380ef0ea8408b5a3d4e948,54,35-59,M
734,89bd0c88af29b4a9e927be2adc885cc7e8e6df559b90d16c7013d1c1531c99c9,3,0-17,F
735,944f97f15be2c882fa387f87254d0ec5d49ceb5c5cf892d2aef3a90d1f834334,50,35-59,M
736,171f55c416a2381bc2df049d5b222389947f1a6742413ee4d1c8e867c61d4652,12,0-17,F
737,e1a02d1bf8fff11a35aefd7ec7cd6e94d96b86b46451353dc5465d3765a62f86,65,60+,F
738,d599219b349e94901822e3810cdb5521ac3c5a5ee5d2a79e859fa83dfa221405,54,35-59,F
739,37e9523401a12db6c6d6a1b1cfab5619d4752b8cee2f8adad2c37fcd227e7ff2,5,0-17,M
740,58e0449e826bec26fc870fd7d3c03e6806a027e4ab29e1f5628ce2890913907f,57,35-59,F
741,9ec00a090c4ce1de1e071c09bc3697511d277a019ba25c3f24d195c31704fd4b,17,0-17,M
742,ad5140ff3dff9d11056a49717fdb5a25514566e75437fe67a91a4ef62dee744c,47,35-59,F
743,61d6c4db27222b8888c455a9d1eb98c54a1f982f147a67054a439d3600ae2c63,23,18-34,M
744,85f74d9eba147075e3179b97877b7bc1b10bd37f06b67dd83e2e4e4be86290ad,79,60+,F
745,f32ee5d0ff16ff76c640780d0e49a3e18e14e7e4ef60febe5df6c2877f927394,85,60+,M
746,4f87fed0d2bb72ef826a664f5e1ea7af6d0d870119576655f9bdc375ad79fc70,14,0-17,F
747,a20e333779ca0756b317ef4d85360466de7ffb991cdb39c3852f304f89faf1d0,66,60+,M
748,b727bbbd0e098e505503bfc000aec7fa28f62946f58747f3181b45d2b34aeb24,75,60+,M
749,2739f11e76f9089a71a817fc1065af07a956207e163cd941ff9b23e4eb666323,51,35-59,M
750,f2ea817539fd8e3d64a4040ca9b1d4024442bb4e4c22745c33150d84110d21f5,38,35-59,M
751,6f6969505f906399aac000fc548097b2219c21babd6469df7f571f983fee5aff,64,60+,F
752,79b7a767f73ad340c4967d0bce31b41e144c1d6ea109ed1cad7feee0a81fc354,38,35-59,F
753,a631a356f20f820fc31c418551671765fe9063b6502f08c4a0cca26260e99b64,50,35-59,M
754,6340a966f70c0c4bc70773f70362989c599aa3cc377e5a96d6f12df0e6b2bb85,82,60+,F
755,191c9170baa52c319c3efddeafe8a9db4eb17bd86c979c277b0df9c5d76cc764,30,18-34,M
756,128d96262be315fec1380290227808306e9dcf1b85d5f514f647879c65bc6455,79,60+,M
757,0ce053fcd711aebfc2c20aaacda228159f739ff15aa12bb7117575fac80dee2c,51,35-59,F
758,1ff7cd48d00793fa6f4b176d50079cd92fc74dca3d6e7740bff23a126203b5a6,63,60+,M
759,7e202909b3f8fdd3ccc51169a72b6e4159557d876d040a9a422656ca3431f84b,52,35-59,M
760,7ba773711b87b36f22d8df9d5d2aa7b776bd289df0a5fbac948386e06bb57e4b,38,35-59,F
761,6e630e73b8814eaea098cb1d31423b65dc383cd6c7a46e47c67a7780e048d540,88,60+,M
762,991e1b6a78223a7d0e40f97672b2d39bd5efd0576f92be4b9183504c970f3c7f,79,60+,M
763,a6598dd569a72ea917ea9ba6576109603f4bd9e4852212a91155f317f47b71f0,30,18-34,M
764,2dc0a7adcfc10942589629f4d666da730c054e8343e9e6fed2123ee226eb53b5,51,35-59,M
765,6b51aa8ecf32a0dc00b2960bcf34ae060106279623341ef21c564ef111bd5f12,81,60+,F
766,e0fd78fb51aeb95baedbcb45383828a31bb4d140e53c4f7ecb9b9417370af890,5,0-17,F
767,a85cbb336a7e1d3641e721f67b7bbf0af1cc3f1bb9aa7ce82b46cd456378fcb9,29,18-34,F
768,3f755037aa69752f7db1698956f97e1be71ef787e98c566bed5ab5f59dec61c3,4,0-17,M
769,3caf86013affe6cd011fc348f22ea6512607404aa1b40509381c5cbec8443a14,10,0-17,M
770,2a1ec64dbc842c3e5caafdc23cb1d2d34bba97e6a7478001380f9bc1d473c2fb,56,35-59,F
771,a8476fb704a159e83f34ed3665223f0f1495abef3c3c30eda30b5d98c9f85f99,17,0-17,M
772,5720735f02d938103efc77c6ad0ce526ac07339f4cf94c57feef7427235738f1,74,60+,M
773,41fcde66ea35197150ef16d696a4d614ce6e11806be61061e8849cf9b2e3c682,17,0-17,M
774,cbe44b9589418970c312e22a23f76620f713c1bf5876705b051256c506de60af,84,60+,M
775,ea4314dedde32cf2db643b2b21323e9856e10596c0ca9192880e31d449f751d3,88,60+,F
776,54c23dc2b49209834b091ae53249eeaad187a41a64cd95c6ddebe716a8c62a42,69,60+,F
777,817816a125827ae74fa5f4634b29aba559537f251bb9fcbe63ca667bbbbf1e5d,34,18-34,F
778,263c47049ef8589326cd8adf1866100349f543c157aec2c88037556af4771e00,6,0-17,M
779,5e3e8e9f083e86dcc6ae1760c5ac7e61ac4a10d5e0967181d7bbd8c3d0ad6e30,53,35-59,F
780,6963979450a19c2d04bb2c8013411b13613df9feec5ed046625d7ce395084e86,66,60+,F
781,5aff1b54765bf6ec44122d438c4c627a08b4b8f3a6d51765e04ab255f9c7f710,77,60+,M
782,17caee7313ad58cecdb97f892e6122ca71795d0cb2d7118129be212dd50fc72d,43,35-59,M
783,763dca4323bf75a3ede34a2d1a38e66fe00f0195bae1646ffb2c02028dcedc48,75,60+,F
784,2bd2e07ffda6a69ad4f0ed14b323b5c8e0b5507ae64de445cca80a043c6199be,23,18-34,F
785,0755f7a886be6e41709458331269960a8021eddc99ce785fb87b51d1a270c999,55,35-59,F
786,cab21446a0b502b93f229d69705c59a1a71645ce431e8b7eac69d6a6d6ffc653,80,60+,F
787,2dfe3c9d64c0d3b6adfd6c2191a7f5b1b4113a315f66972bd0ef4d953dfd55b3,75,60+,M
788,b9b2ede05f680c05c3cec2fd75110c6e6e1f079caacc9d993446e17a40fff0ee,16,0-17,F
789,8582b9fcbf9c3f2dc9a9fa4db6146484bc10b657160ed4adb8d2fbd70d366945,8,0-17,F
790,f6f3011d708f20efc2ba7b67b7e11646edd432f041fd0a20d6b183d19ec7b133,4,0-17,M
791,dd5eff21c0c41e597efc055e966c600bd3bda8d004aa257e5b54fd8138bc0131,4,0-17,F
792,da1b33741d14bd4a8f117f634fb7e4b0cee6b5a166a4aeaf479893870c51bb84,56,35-59,M
793,171a9728f0ad62d0dd9beff638be166b53c83fe3eca77ae50a8cd794c9093167,25,18-34,M
794,c9078599fb793e4f3a43e2b9d52aa614abb55d521501de421fa0d9469881bf5d,67,60+,M
795,799546ec418383acd392b52480a4b317f6dc1087a05aa4bdc3217522531745b8,67,60+,F
796,69c574768cb551d908dc561d6e7f6f5c5ebdbb67ef57249bb3e351f5b6074f86,27,18-34,F
797,2a523e71b0d79dfb51c697ed3cb48e2eb50421750fe7f273bbc998dcd4798a74,32,18-34,M
798,4a69bf993bbe653751525096bfcd6895c336679adc4e363503469a734bae46d5,50,35-59,F
799,6ec45505a7c20ff643d09e985a94625c34ab8019d8528ecb4013c75005f27243,61,60+,F
800,cd1ddfd3b8dbc8d674eb8b44f92c9923d96082b53e168f94f646f4ce19e0c755,51,35-59,M
801,48c30efedbdbc56e808fbd71672dc05ebec6a380a5b06bd6ca26e4fa3213a207,19,18-34,M
802,2e9d764b0a0947ab6daf308fabf089ca2fb3eb184de172fee29b323e0a8ea9bf,21,18-34,F
803,94b5902c73ab0fb9c667073a61db12d577a7506936dcfedc3f6bdcb43b294407,5,0-17,M
804,1c817672733f950d401930f531d64fff22649fae5aedc740d664d2f380951142,82,60+,F
805,b074060f9f75b44f5fdd87dff356e8ae05ffc49e0c28066ad66fdd7292e65d37,42,35-59,F
806,0005f66e4a2957a9ccae7eb64c7e144056dfb881a33562feb3525d854888dc34,61,60+,F
807,b0ac730f52209dbe503103fb425b07b9c78cf41668bed3a0d263fea7b2eec933,22,18-34,F
808,8efeda68112590faab5d9ab9916aeef957648f37413340b8a59e0d8258cfa629,21,18-34,M
809,38ebb4f0ab0b8875a8697c8274c2fee75c183cde1222b3c32342b3991d5c56df,70,60+,M
810,a5263022d4741e0c69ca24438c40a7d155f3fc5516307ddcd3430b3cc4b29a50,1,0-17,M
811,74c1442c01dfd3b5f2d982796c6c71d182aee2952c3da091063275920eb9954c,5,0-17,M
812,ea2a242dad7426058da2706214346582866566261070821568763e1286f793bb,12,0-17,F
813,b801ca35e2aa80c9a6156332357ba1dbf03833f25bad7ae35df1e9edee3cb606,46,35-59,F
814,1b3128f68c49db22dc0ba41b148cc7bd12d17ba74f8f806e55d41f6ae81ba934,34,18-34,M
815,078062bfcf3dd273c2eb7ac5747cbf87dfd9d23bed6f952f87a8f3602d08e223,49,35-59,F
816,e2bfb186bfe51f9b4811f90110adca885563e82140aa0e07df978c57648095c6,78,60+,F
817,7ae246537fff4882d6f859cb6cd8b1d5141b522bb5f35bb25dd9dd8cd6d80ee7,45,35-59,F
818,1eef88e47b1e7a6d1767d33a44e71e54501d7a9a76f0cbaeeba8ed8b4026dfce,27,18-34,M
819,2e55e9cffea0555c903740519aa4eccf2eac4f04250beb3fc1e5bb6e328c868e,73,60+,M
820,9c38617a91f6e32c5ea2d6a616119544b205dabdce452e84a708f6ca972cfaa1,26,18-34,M
821,9d896d0506460b4b2c3e8072313d74bfc8e727aeedd1cb5d3c4f90d15747de97,47,35-59,F
822,c6941b8251b016c7a71c53c2527e9893e5fbeb8b30cbd49c91d9823bf5093dfc,86,60+,M
823,dcfaf77b2e6dbd0c128fe323e461b30f14be4a19576b3d8a9e75eea8ea0bc860,56,35-59,M
824,ebdc0c1c7555bd256cc08220fde6cdc9d4573748d54b9c4cab6d90af0d17eb97,63,60+,M
825,a15760a6f970490ceba6933f8b892829e84ef2d68156459513ae6f489305c246,48,35-59,M
826,da2b9c0d8f1f618f4c49b81945244af1d8d158de5b2aa44c2007e68f7b97def1,61,60+,M
827,ec05b336e9f77642efc9ef7e01c8d12eda91d49d60eecaccba562175684d5a36,81,60+,M
828,ed2c71250673e19108e6662f2d8c7aa9b47b2969cbf0b8475937bf26096780ef,26,18-34,F
829,d244301f7537f2175e73ac1898cdae910ef1169f060e1e8fb6ada84b3fb908b6,36,35-59,F
830,2a6d428ec92fa10077e80a3085b7a5bb38b390d65bcbab3ce24fa4e430ec9cf2,1,0-17,M
831,8a64f65c55ffe122e846cd15db7f8d32159049a1ac7de0026b0b87647a80d281,8,0-17,M
832,3eb7364d092005f17cdafbb14f7e6437c88bda61bd25365d00a11ada439c6836,52,35-59,F
833,2cf5f38cda480dc0ac78dfcebbfffc69951f3843981f5306c885a4646591e6b5,79,60+,F
834,ef5da5b0f1500bc3dcb1a352c84b7bd397dd126d4e74f4c1fcbf2fdbe529b7ea,47,35-59,M
835,3e5dfdf2a019e4059a9903e90e5232f0bd4144273d9ce5a0ff895a24b1b395e2,56,35-59,M
836,9f86f957bd28836dc3fe4f6cf1a37dd19be7174329d8469f651b52879ba2606e,86,60+,M
837,d1fd4b2be53d49411aa19b90708abe1560e9ccc90ce41ad5f27eae76e76d0511,14,0-17,M
838,4aabe64154010ad5ee5ac62840ee5a091a44180da40b722b6d110f1d3cf87a7c,28,18-34,F
839,e73475148f8ce9eb1c6dee7051c64a14ec47763ea28945badc2d9a74718878ab,87,60+,M
840,9d63a4a01a1b4e497954b28e5ac00ee677e963d90637ad0d0a49af037850e36a,78,60+,M
841,7fee30bf412b1dad96a8789ad823375f52922c392dc05202217651e502386fe7,88,60+,M
842,1376fa4e535f1348dd27e36bb1fce77476e657ea1dfc20cc1f6e09480e2b7fd2,2,0-17,M
843,5cbc030aeece1c03dab9d7c6d7a2fb3df53a7d66df00a2bef98d39d35187f69c,26,18-34,F
844,3914b1bfa3153d66c8fa9a618d16c362fb3789c01ec5d5fdaf1584c856732222,14,0-17,F
845,95a37a96a384cf5c28a5cf411a22fa8adeb558e524f62763d348c945efde881c,59,35-59,F
846,206ffa5fd0156a29c447d2d70f61716c2ed6867ec06d2bc03afabc526d213ae9,56,35-59,M
847,0062f159a04ecd54769e765055fc5939f1793ba64decc092607c66932de5f489,7,0-17,M
848,96485f1cdd89b7736768398fe045e9ff18d2306e7fde3011cf704350f9637c42,3,0-17,F
849,bd16ba8482f17ec313a6c35b6839e6e15c7d8c675b2719bb93c91a57f485267f,23,18-34,M
850,099aa804ab2443b462676b1e52b00f63a22bef68d98a337cafc354be76d5b192,18,18-34,M
851,928c4f613b6cb10d15fc1cdcfc98d48f8b9c76851cd7a5a663124aa202cf0633,38,35-59,F
852,906a0082aca61e1dceb94ed6c7d0c2834d105acd3e6e20033d81c62841207f10,15,0-17,F
853,5d328faa37dbe950dc18908db42a3e797ffee32e6fb4cab1f34ef6eaf9310840,64,60+,F
854,0c72674a6f467b4da72cccb6d734fb0099ad3aa5519ebd268b2c9f266e5a05ab,89,60+,F
855,dc06c622cb1fde84c306c3c924646d563a441aeacf426aa022685327ac9e6d1c,28,18-34,M
856,89ff31131e2701b84c266b20f8a3d2552b50d700a88986bb2cd2bad04e3f1582,74,60+,M
857,d80dd342c97034f667ea9c792427b9401faf9624dddc3ebefa25eb8e267256aa,39,35-59,F
858,136037a63d20177a21dea281aea5547a231490dd41a9631dc2bc96909b6833b6,57,35-59,M
859,bd006b75b15f6ed9baccdcf9e751fb3e755c8b9be264b4988551781a623e9a94,17,0-17,F
860,33e7810dbdaaf91e1639392bfeb2fd201b15f626530ea8fdb52826b2e0db4e78,86,60+,F
861,eeea943d3bd95996a04a6996bde761673381962fa70da811085fac99e18438b1,44,35-59,M
862,cbf52c18ca850e58b2aad7861e04a1f1bdde66e78139eaa14a37ce845d06aea2,25,18-34,F
863,a32717cc203d3a54b706ead73477e996eeefd7d9d0aacdf7ec3ff1cce0018158,17,0-17,M
864,b9859f6a06d427339be01444d71a33c6d25354492c1ab63f28bbe2880a5236f2,13,0-17,M
865,822444e9446455a53ac54d0c3e599a13eca0b8d44f02fe7260b898eb8e57702d,84,60+,M
866,d3568837a889f21c62e517ac5840fec821029f6d8407db92ece122399f39ff99,25,18-34,M
867,1e88d952dd040f07f8b2d19a8ca83e49e4e13b597e9226dcc9277949f6043f4a,68,60+,F
868,5bf161f4a9c00df3cb8ff3aae1e1557b74ecd3be9f8ecd78408bb0ff908390aa,10,0-17,M
869,0ec09c3a547c7d310f3305633647024daf58bd716c25b3035aa06428d36c3c63,67,60+,F
870,9c203eb719acc69f63ecbd603f67a262b2ec3e2aefe8c418ad496446a1742c01,18,18-34,F
871,6ea5c6783068d44df9ab7d26493ecae02bbebf76c5f4e45a1b51ff0ff3df1a32,86,60+,F
872,ae879bc2b215c4e0d0bc46277b3cbd2806ef7bcd7370a505a12a7eee5d190b99,34,18-34,F
873,983a4387fee611e9a37e0561f5089e4d4d288fe7853c4127b98c08de8b89d657,8,0-17,M
874,9594ac5efb2d8839aae342409c1ffe0ac9007513112fe6148f6fe883a04dfbc0,40,35-59,M
875,03ee5b82eef4cc45d48b6304ab741009197088880d7da903fb0e02131225c3cd,83,60+,F
876,db8ba633fb1157517c4783403ce1a877cb4a6d62b609777856825ffe5f4dc253,42,35-59,F
877,6e5a1501fddd55d539a39e546a2f0e078fee817970ace2645200e6b2ee86a3d2,41,35-59,M
878,c76a20f7e3c9a82e83c54bf13b7d1e370b7e8a1349a35b3e516d8a8cda623d0d,6,0-17,F
879,c217ee701c5247ed5ac6c8467a2efd2676b5a497b141c72ff48d31701696f0e2,52,35-59,M
880,8a281c4de62050c7ef79827702c7d09d91aa29fa372de9cb8843d63b632652cd,26,18-34,F
881,ed4618217c229d7f8e61da785ff7970201eea72104db8dcc151e59bf0fba10d4,64,60+,M
882,cd20343f11db22b9636eda9dafe1bdf99660928933c9807eea7ed34183bede65,59,35-59,F
883,9c82e162c71317b13222f13bdf45d9e26d74adc702df622dc1596f07f14797ef,56,35-59,F
884,df0432534e0f067574e0c353d06df9b60ae736f01f567f1830c02776853d0818,59,35-59,M
885,a10bbfd090c9defb3c7bd6fab53ceae5c8998a2dfa5306af1a54e15ceabb21fd,70,60+,F
886,956e9b4cec7525d98f0e450912ddc5861c47867aac69e5ae28a707d8c205f37f,33,18-34,F
887,3f32aae9e2264995f00c21da6a793241106ed45205a6eed4be7bd03c9b281e4c,53,35-59,M
888,528eaa1adec7bb63ffd2e8d7e80db96aaa6f7241410726a285831dc9be744dd6,22,18-34,F
889,86b95e96a6738bb2824cf2105d16a3bc1cf1530b7cb39875a6b5d7afddf2e4d4,21,18-34,M
890,649cc71d77450edfc6237d682f60c5f175a85cdd31c08937f0e0605c1374b2b3,70,60+,M
891,d95aaee7bba0b8ed23c1a2d49f9700c160758788d7ab63bd1fa20ca7dc796951,70,60+,F
892,ecbb64587ce5aad4a2a28d7291b5cc7e0551844b6cca28328e18363684d3fadb,4,0-17,F
893,dc3bfad243991b7d7fcba7fd3b4dcbf2403145259e264f13baa504abb158a69d,75,60+,F
894,af3f63c73bdede96834a665a3448d0a5a5e7595bfcb3543a5d519835ca300e5a,62,60+,F
895,ed788dc05f5555c10a653ea785c116b19c34dfccdb65757b39f97e1e9be7e343,62,60+,F
896,d1cc0bd3ddf8c2f1c20dda3b38418d9822523511f1bb278eca927f2cbb742eb7,24,18-34,F
897,65d4e29a020315435362be98d2e1bd9f31ec24529fb166c2db7fd0c0ca2c97e0,55,35-59,F
898,4a86952c38b499bb0c9be4086cf812bc935499499ea51c2200f0712129b20042,9,0-17,M
899,40c3b0c355fa6e60d51b9d0b15692d646dc8d762ff9a637cc62b4856631e424c,3,0-17,F
900,1b8423b337a916309c87f409f03d055dbcda8f7c51441add81080b2f271353b5,31,18-34,M
901,de95378206a6d2f5437400f3d905c2d3fcd5629aa301e08381281a19a829641f,40,35-59,F
902,cec7f416ff4e09991c710080741a87ecb5408c09c265a2705f5d0fcf46dbd8c0,36,35-59,F
903,0d08c3727d873a2cd1a45cd1b1c6f33717b1314d493a5973220e10764f2ac833,24,18-34,M
904,1d36319d67939dbdc270b5fa80e4fd31887c66d721b3a6b2d84949a2bd816d8d,6,0-17,F
905,aad3a5b8fe33c3838cfe77337978ad318d4f8da0225378ee5837d73908304051,66,60+,F
906,adafb2989ab72c011501d145d2d80648e6539fb396d9476d636179546adedad9,84,60+,M
907,9f541ed90b87176131879ef57d9bb6a958ceaa286f681754a3bc3fce19b77888,75,60+,F
908,182b0fa35b988ef08147e757487f379e74333bd38aa67e20b18e59b273593c62,4,0-17,F
909,ccbd060d9233d33fa50d86fbc4320424844f83e5eab29519c85d489b4771d029,79,60+,F
910,005b29fbb74651176e9420ebbf7f27dfed85a35f90d920bc11a279ea84635958,6,0-17,M
911,651483fb1a3f15d1ef5b36bffd475f1d16274b2983ad783a047101eb77998fc0,51,35-59,F
912,65f8874fd837a22985b0c35f09e8ec9bd2469c0286695ede5f6604a48e69c495,62,60+,F
913,69a176b642563c9723f160686cd94c63aea2e5b51d1399ef6c89ae07dd1deef8,57,35-59,F
914,28831e3b101a5ec622189670cbe18bf7be018970067fb255d345589094818fad,66,60+,F
915,59f6a69c80351c0f1be7fcca6a37e1980299069b587b44e6c6c3e0583699d017,79,60+,M
916,f183b11150dfaf71beb293e40c356c1a6b1b47c178ff82f509fc6535c5c5ce8f,75,60+,M
917,b80ef98b73d28e50977e607ba8893bec5b9bc57cab418457b4cb573ef2a893b7,8,0-17,F
918,aef7a152607e5c201df2593a33b308b6db0e111aed8a4be8a48953b7a778b546,26,18-34,F
919,a04986e009d3a1a72da10f6c7faff398191a9b9d030196e08f764757cf05daf2,51,35-59,M
920,4475df110da3032ed2bce37526fb9cf21a1627d96d53845a2b5476f4dd81781d,45,35-59,M
921,bf4edd86fdc6e3f712c973aae3a11399230c1eb35850b577a8be5784c9a787cf,44,35-59,F
922,112a4ea932972fed6b49c4ed7df22fd37446d7e9909f155ad6cdb4f4a8324e1b,5,0-17,M
923,3bf578f19a03cbf123605196a9588a5da3b73198ba44c8326309beb561565bee,70,60+,F
924,e376ed244bd153c95662a4f194439348b9628a2cdb598883893a271e22f52063,26,18-34,M
925,2433829bc78eefbd4736c4be42e949698d34242dedcb60d1a264bf919e7c7c64,68,60+,M
926,d7b1070f330c7ea24449f11e4f3b2d2d63dfde5eb06159156f78e465e800f6aa,19,18-34,M
927,b32e79cc2282c72359e77ac91fc5c01e95784ef2d35b2963ce2b6e2055d061bd,84,60+,M
928,9b9f16503d59c9cd8dabf8168be308ef75545fadc661b3243582ed8b7ee9288c,20,18-34,F
929,8d709eaf23ebfac59aa59772b80aeefbd23f4ac8f2db34febd0bd7ba607c12ef,12,0-17,M
930,9768bd3fe6089237b76777d1c581b0197fb16fcd39af07203192f10c4d96c06f,47,35-59,M
931,79693bef9cff6e80711cb4afbc08f573d81dc662ddc99cff6916a24c3e0b1df6,1,0-17,F
932,f524cbe121d4b788fdb86a79dd6948524669ad7e0eeae993473294fd12fb00a7,14,0-17,M
933,95a80ce6bfb20a757efca39f068b7d2269b3181ce171113034fd4ae2e73452c8,64,60+,M
934,0c2b8ace6aee0c219d908ef4f64e0694eefa18f8e749a17e726cba3946e27e10,38,35-59,F
935,e1a986b942c6c1bd64239616fd5abbb513dbb250c340d24d47671a570768d453,37,35-59,M
936,9d70329c82c29858f8fa9c3e01ece7face879e323d6564e8d84e53f5fe8c104e,11,0-17,F
937,f78404d2270b0cf6ea5bed59e19e6337c5fb92b5ba8050b51bd4791f3aa37632,77,60+,F
938,2bf1d353feeaf37b5f20b2cb6c5d8fc79b60b34f678d6902c2b1c005868c91ab,3,0-17,F
939,7f600e3c9c5c390517742540799fa6a1ae23f934070b3988926a50ea98a3f2c5,33,18-34,F
940,5252ed60ecfce1c028f78d51395da2b831f2be002b60290809b116b551f180ac,6,0-17,M
941,875c39c3fc73771cf04f2f22eda1067ce5e521883d2afa544f278fc535559a21,50,35-59,F
942,1570634bd6f9331982e700bacffc0420217b40744bb4d3f33a55d8a774ff72f4,10,0-17,M
943,25e025a173ea4c164429f493b61e89e6cb2e439462f7a922c09c54d8f6577987,5,0-17,M
944,07d693e7070109df150085397f48e593cda83bf1301720a399caa2b426486076,23,18-34,M
945,8df94d45d95231c633d9d85dba100229dd19f2640c6d2d97b0dba31258edb719,10,0-17,M
946,a61108a118a0384d9adcfcc05a0d51a4571be6e6cc1cb5b180ac18f28a1a1770,44,35-59,M
947,321d5a20edc6a04de7085ea74056b84d8354faecc2c4b4950586a1ebb6566c12,2,0-17,M
948,19eea53d081a751cfaf1e4745875367d52d760fe879373ba3938da44d4d833b3,13,0-17,M
949,38d0664473c86a62b6c940291b1a80a2b73fc896e7efad6ca6a6afce2bc8054b,40,35-59,M
950,b2cbe7c165e4fa6c787a4705b751918c41c632bd00fa44f47ac7acb099a70440,2,0-17,M
951,95a09a803b069e34b75b503ab3025ac3ebe1ed8982e4d4858a93dce4b39ae6b5,84,60+,M
952,ccbd035e7079dbf3204dc9c658b6e0e144bd93040b2fe400aa1dcb236043520e,65,60+,F
953,5d5bc5fb9bb4f0284a9ad55c67384f3f46c77466f27bdd2e1f8ba1302e0b164c,63,60+,F
954,4cc06a1a61f1b74237082c6ca00bc3ec9d6545f989d7c4016a6c44ddabb095be,73,60+,F
955,99a2ba8eb37ea8dc79b71d7cd05072e9b70462ed07d2570b9516ca54a130d19f,17,0-17,M
956,b4a7d687bb8afeb38429d5cd4845dd312464e164705b692c58618e3af774a6a7,9,0-17,F
957,5e4699ba87c743a13db47efe99613298f6071fe67359b5dc16fb31d551a093fa,75,60+,F
958,9b0cb404be631b7706ca8c830d447549c5a9841ecea61cf3b20914d046ed413c,15,0-17,F
959,5559a6b9530d6556ffbe42b3e506b72a640f6faf9a1fcf6ec785479c49728bc1,24,18-34,M
960,cf567af93d4860d45746548750b914cfcf6116c98c7cc70974d65bba0e9d0f44,38,35-59,M
961,cc803235d3bed496b0d865dd3d564c0cfad6adbb2bf81a469c27851e38ba95d7,35,35-59,M
962,559e8a52e35b5585652f79eae4a73ad29bcd31dead35c55f4692d922207005bb,49,35-59,M
963,cbb2f25088c18abb78f4025326b8d6c04cb05b416c28d6b023fa620e449a3ac9,69,60+,F
964,24b0b9365acbd17e72660b646d4e77753943cbd08e805421b46c37212b35eeea,62,60+,F
965,b7ca302d4f4ae5f8bbaa989e01c8b986f19d53e7b72b29cf14954573397ebc52,60,60+,F
966,f31bb82873af817812af63c5a2a44d88787578c845697a35a5cda4c917152314,50,35-59,F
967,0ddffc1f83af2f0444a10f4418f02709e9e14df4bcf9c1f1891ab402e1bff464,78,60+,M
968,a6f2f4474524f0be4542e79018d3c96be05fc35e0158fe261125facd04952822,75,60+,M
969,9b04cee9ce1a9df9ed9f44383618eb1a5f9c2bdaeda8d8a535ee537f4aaafaea,9,0-17,M
970,2cfe2011cc6640a4428e520f913c22d540790ea5e77088e7bce2a23ae64a62b0,34,18-34,F
971,cddfbed8e0b09d1d7b4be7ee4ae4d78247518d2ac182d6ef8804887f92ba0726,76,60+,M
972,4587b8aebd8c161062c41fba6d35c6cd6968651c042396d616dd87629afebd6b,35,35-59,M
973,7541cd588a27295c2607325a23ad18b92468242b737da6e0936b117396add325,1,0-17,F
974,036c976310fb2eb2b1a77fe5341c964f139eddb0b4062cf6952d54387ce2e304,40,35-59,F
975,9c4a619e083589cf361563a5362876bb9b958a275bb773a52a83ce7377d461b0,64,60+,M
976,fe2394c134c2af3799a9898bfb5fce35737fa028d67cd9af01f678961fac9030,22,18-34,M
977,c849dfc3544c81c17e47a9685c62b722fd0ed4a9f34b7510a1aa76f5de0dc57f,60,60+,M
978,b699ad9dabdf2a3a18c1595685eff8a728c7dacb712c3bb5930b4723ca5a09c0,64,60+,M
979,82e01362e35abb1b2a561b6deb278fcbf2f6cb954fc61be39a126ff125e26838,72,60+,M
980,f61c66fd1f62a3c669f6966581c3fef9559d9f430dff4575016a54f1d758ae67,11,0-17,M
981,84f8badfe5772b5223ed6526540a2ff5de0eb902f943dd848dfd3cfd7370a84c,14,0-17,F
982,fa911df0bb22d7a291e95c44f7fe73852964d57c057449f8f96e64d6e819b000,60,60+,F
983,acae4029e824f91e4013af5db45502255b0faa5759b976492f31512364c99b4c,30,18-34,F
984,35b0190b371f3e3a9eaa80cdb9ddc72606ac287fa425c04dc69c938b2fa32c66,35,35-59,M
985,5e918f7220e8ccf990aec6318a10fce80c678d24982c99d4de3ef53fd946d093,85,60+,F
986,7e83bcd174f2531d5f282a6723dbdcfcca955d0fa8d30320b3bb2ee7f5984fb8,37,35-59,M
987,4546ddfb183c3e43b1ed6e51fe113e0819b0594494cb32243dd69872e9b6b0c2,5,0-17,M
988,85cba4faa09c201258d5f138b8094653bf9ba64142dbc1427c7fa2a2a4323200,83,60+,F
989,e6ab74f12f24a232a54b5ca0495a0066e0f4850332073f673d59b002b7cf9140,78,60+,M
990,2c4f03d4b4a66e5d4598372f7f4dee50711878d10a5d22e170ffcc0795ff798e,26,18-34,M
991,e9ac4aaa729e8cfed8b77c5595cddfa0c7eaf78e16f6d8f64c433a12a8f70e4f,62,60+,F
992,3e8ee94e5ab826c0ecfdaf150281b0c03431c7b796871162880bfc69a475ba62,4,0-17,F
993,9e719d5bcfa23518bdc545cefdf4d22cb0ab91a6cf31ae66a12f24b45529754c,89,60+,F
994,e4f57b59a88e37bc5d21bbb0c9de7e8c5fee95fe8b27cdb14dba7c85871afb5b,42,35-59,M
995,ca8043570065249f24175d8fe672302c2e69bc89cea3522e48afc6f133c5faf1,89,60+,F
996,5de396dea6b18388d259d1f64ca2c5e21eca188ab7f025924cf3425c05fa1c80,18,18-34,F
997,466bc0cd3bd6d594f4b6e9c14f1ee6a3fc7b748230950995d71367e911c2ff8f,40,35-59,M
998,3ee1b826aabc53de9c2ada1940c381ced5bf3368c5be2aa269c6fa912d894288,72,60+,F
999,2f55e4d02e1a5ac4cf2dc614a0975558b2772d542d6b09b75c03532ad4a7ae36,39,35-59,F
1000,736a6ef0f5c318cbadc41212e6727d4869326a69a10f95b19c5a64c0e78f1c81,14,0-17,F
