payment_sk,payment_id,booking_sk,amount,amount_quality,payment_method
1,PAY1000,117,9883.49,valid,NETBANKING
2,PAY1001,739,8457.96,valid,NETBANKING
3,PAY1002,874,6495.37,valid,UPI
4,PAY1003,915,5079.38,valid,NETBANKING
5,PAY1004,968,12518.31,valid,CARD
6,PAY1005,999,7319.71,valid,CARD
7,PAY1006,545,8020.26,valid,CARD
8,PAY1007,44,8291.60,valid,UPI
9,PAY1008,509,7277.14,valid,CARD
10,PAY1009,988,4585.24,valid,CARD
11,PAY1010,165,2684.77,valid,UPI
12,PAY1011,368,2379.52,valid,CARD
13,PAY1012,857,11604.48,valid,CARD
14,PAY1013,292,4129.39,valid,NETBANKING
15,PAY1014,849,1779.42,valid,UPI
16,PAY1015,856,12165.24,valid,CARD
17,PAY1016,917,3156.86,valid,CARD
18,PAY1017,898,9752.05,valid,CARD
19,PAY1018,799,,missing,CARD
20,PAY1019,876,,non_numeric,NETBANKING
21,PAY1020,737,6802.73,valid,NETBANKING
22,PAY1021,286,1207.32,valid,NETBANKING
23,PAY1022,204,12774.63,valid,NETBANKING
24,PAY1023,684,8188.97,valid,UPI
25,PAY1024,524,,missing,CARD
26,PAY1025,819,4317.72,valid,NETBANKING
27,PAY1026,121,,missing,CARD
28,PAY1027,945,3644.17,valid,UPI
29,PAY1028,756,4760.39,valid,CARD
30,PAY1029,664,8481.40,valid,CARD
31,PAY1030,664,12656.53,valid,NETBANKING
32,PAY1031,188,6625.76,valid,NETBANKING
33,PAY1032,907,11037.65,valid,UPI
34,PAY1033,13,,non_numeric,CARD
35,PAY1034,603,4028.21,valid,NETBANKING
36,PAY1035,200,12300.69,valid,NETBANKING
37,PAY1036,586,11603.63,valid,NETBANKING
38,PAY1037,768,5997.12,valid,UPI
39,PAY1038,456,14853.28,valid,CARD
40,PAY1039,448,4676.01,valid,NETBANKING
41,PAY1040,788,4567.25,valid,CARD
42,PAY1041,840,11811.63,valid,UPI
43,PAY1042,841,7085.20,valid,CARD
44,PAY1043,71,5631.13,valid,NETBANKING
45,PAY1044,590,3501.28,valid,CARD
46,PAY1045,796,11714.65,valid,CARD
47,PAY1046,130,12008.51,valid,UPI
48,PAY1047,889,8931.90,valid,UPI
49,PAY1048,43,14402.39,valid,CARD
50,PAY1049,520,5454.29,valid,CARD
51,PAY1050,13,4074.67,valid,CARD
52,PAY1051,725,10484.53,valid,UPI
53,PAY1052,623,11617.72,valid,UPI
54,PAY1053,988,4148.68,valid,CARD
55,PAY1054,803,2072.55,valid,UPI
56,PAY1055,535,12347.23,valid,NETBANKING
57,PAY1056,302,14671.03,valid,UPI
58,PAY1057,766,10025.41,valid,UPI
59,PAY1058,527,4890.14,valid,UPI
60,PAY1059,642,14953.42,valid,NETBANKING
61,PAY1060,573,,missing,NETBANKING
62,PAY1061,115,8187.33,valid,NETBANKING
63,PAY1062,460,12554.50,valid,CARD
64,PAY1063,832,12421.49,valid,CARD
65,PAY1064,505,14087.19,valid,NETBANKING
66,PAY1065,308,12772.93,valid,CARD
67,PAY1066,932,10011.51,valid,CARD
68,PAY1067,963,9530.25,valid,CARD
69,PAY1068,325,7543.00,valid,NETBANKING
70,PAY1069,579,,missing,UPI
71,PAY1070,761,12133.03,valid,NETBANKING
72,PAY1071,175,,missing,NETBANKING
73,PAY1072,851,7542.02,valid,CARD
74,PAY1073,514,9031.14,valid,CARD
75,PAY1074,172,7227.28,valid,UPI
76,PAY1075,997,10358.84,valid,UPI
77,PAY1076,960,9818.89,valid,UPI
78,PAY1077,502,,non_numeric,UPI
79,PAY1078,977,8576.26,valid,NETBANKING
80,PAY1079,334,2238.82,valid,UPI
81,PAY1080,284,1369.37,valid,NETBANKING
82,PAY1081,475,12076.76,valid,CARD
83,PAY1082,54,4621.10,valid,UPI
84,PAY1083,458,5769.17,valid,CARD
85,PAY1084,579,1897.18,valid,CARD
86,PAY1085,420,3513.00,valid,NETBANKING
87,PAY1086,614,11718.47,valid,UPI
88,PAY1087,632,7909.43,valid,NETBANKING
89,PAY1088,703,13329.36,valid,CARD
90,PAY1089,409,6561.39,valid,UPI
91,PAY1090,982,4761.81,valid,CARD
92,PAY1091,304,5866.40,valid,CARD
93,PAY1092,935,10978.81,valid,UPI
94,PAY1093,559,8770.08,valid,UPI
95,PAY1094,222,13658.68,valid,UPI
96,PAY1095,533,9430.36,valid,NETBANKING
97,PAY1096,158,7902.25,valid,NETBANKING
98,PAY1097,348,12000.54,valid,CARD
99,PAY1098,159,14265.47,valid,UPI
100,PAY1099,889,5981.84,valid,CARD
101,PAY1100,884,4498.27,valid,CARD
102,PAY1101,922,9627.04,valid,CARD
103,PAY1102,235,7984.22,valid,CARD
104,PAY1103,662,14848.60,valid,CARD
105,PAY1104,405,7473.06,valid,UPI
106,PAY1105,257,2040.64,valid,NETBANKING
107,PAY1106,677,14683.17,valid,UPI
108,PAY1107,589,12810.22,valid,UPI
109,PAY1108,597,3495.50,valid,UPI
110,PAY1109,558,13664.47,valid,NETBANKING
111,PAY1110,905,5769.34,valid,NETBANKING
112,PAY1111,913,6279.57,valid,NETBANKING
113,PAY1112,47,13689.48,valid,UPI
114,PAY1113,213,8421.62,valid,NETBANKING
115,PAY1114,479,2928.68,valid,CARD
116,PAY1115,487,6166.79,valid,NETBANKING
117,PAY1116,571,11109.36,valid,UPI
118,PAY1117,566,3438.58,valid,UPI
119,PAY1118,342,9263.24,valid,CARD
120,PAY1119,524,10733.84,valid,NETBANKING
121,PAY1120,704,5813.95,valid,NETBANKING
122,PAY1121,503,10714.33,valid,CARD
123,PAY1122,6,13378.90,valid,UPI
124,PAY1123,821,7609.63,valid,UPI
125,PAY1124,144,6360.73,valid,NETBANKING
126,PAY1125,858,4516.22,valid,NETBANKING
127,PAY1126,261,9458.88,valid,NETBANKING
128,PAY1127,585,13317.93,valid,NETBANKING
129,PAY1128,686,5545.26,valid,NETBANKING
130,PAY1129,232,6547.30,valid,UPI
131,PAY1130,270,6692.76,valid,UPI
132,PAY1131,940,8851.37,valid,UPI
133,PAY1132,447,4197.73,valid,UPI
134,PAY1133,874,12510.96,valid,CARD
135,PAY1134,222,5138.43,valid,UPI
136,PAY1135,52,10875.08,valid,CARD
137,PAY1136,116,8185.02,valid,UPI
138,PAY1137,538,9202.57,valid,NETBANKING
139,PAY1138,565,3514.52,valid,NETBANKING
140,PAY1139,877,11290.32,valid,NETBANKING
141,PAY1140,541,3640.69,valid,CARD
142,PAY1141,19,2588.63,valid,UPI
143,PAY1142,815,8653.51,valid,UPI
144,PAY1143,392,10930.16,valid,CARD
145,PAY1144,791,1700.50,valid,CARD
146,PAY1145,629,1971.53,valid,CARD
147,PAY1146,618,12237.51,valid,CARD
148,PAY1147,419,12326.46,valid,CARD
149,PAY1148,991,4434.27,valid,NETBANKING
150,PAY1149,309,9613.19,valid,UPI
151,PAY1150,739,7204.52,valid,CARD
152,PAY1151,864,9857.74,valid,NETBANKING
153,PAY1152,186,13080.31,valid,CARD
154,PAY1153,261,2117.99,valid,NETBANKING
155,PAY1154,528,11891.78,valid,CARD
156,PAY1155,273,7902.41,valid,UPI
157,PAY1156,160,8897.78,valid,CARD
158,PAY1157,870,10155.04,valid,CARD
159,PAY1158,762,13916.72,valid,UPI
160,PAY1159,224,1794.08,valid,UPI
161,PAY1160,256,1412.67,valid,CARD
162,PAY1161,180,3495.66,valid,UPI
163,PAY1162,20,14810.27,valid,UPI
164,PAY1163,624,11011.07,valid,NETBANKING
165,PAY1164,632,9604.98,valid,UPI
166,PAY1165,706,1658.55,valid,UPI
167,PAY1166,468,13307.54,valid,CARD
168,PAY1167,623,12378.60,valid,CARD
169,PAY1168,210,10307.20,valid,NETBANKING
170,PAY1169,513,5747.83,valid,CARD
171,PAY1170,58,1987.07,valid,UPI
172,PAY1171,93,9120.54,valid,UPI
173,PAY1172,221,11075.72,valid,UPI
174,PAY1173,723,,non_numeric,CARD
175,PAY1174,940,9872.75,valid,UPI
176,PAY1175,232,5009.12,valid,UPI
177,PAY1176,774,11699.42,valid,NETBANKING
178,PAY1177,364,8554.62,valid,NETBANKING
179,PAY1178,615,2806.52,valid,NETBANKING
180,PAY1179,562,8371.27,valid,CARD
181,PAY1180,374,6540.32,valid,UPI
182,PAY1181,622,3524.98,valid,UPI
183,PAY1182,456,12781.22,valid,UPI
184,PAY1183,88,1154.40,valid,NETBANKING
185,PAY1184,20,,missing,UPI
186,PAY1185,14,1176.33,valid,UPI
187,PAY1186,133,,missing,UPI
188,PAY1187,937,5159.35,valid,UPI
189,PAY1188,808,1759.80,valid,UPI
190,PAY1189,34,9352.83,valid,CARD
191,PAY1190,892,2216.08,valid,UPI
192,PAY1191,208,10823.99,valid,CARD
193,PAY1192,813,1736.99,valid,UPI
194,PAY1193,199,1830.32,valid,CARD
195,PAY1194,592,5274.56,valid,UPI
196,PAY1195,583,13552.00,valid,UPI
197,PAY1196,155,9979.51,valid,UPI
198,PAY1197,590,11781.84,valid,UPI
199,PAY1198,78,2981.73,valid,NETBANKING
200,PAY1199,172,12677.76,valid,UPI
201,PAY1200,289,1114.05,valid,CARD
202,PAY1201,545,3982.80,valid,NETBANKING
203,PAY1202,812,9625.29,valid,NETBANKING
204,PAY1203,788,6253.45,valid,UPI
205,PAY1204,879,14778.71,valid,CARD
206,PAY1205,420,1424.75,valid,CARD
207,PAY1206,7,14980.37,valid,NETBANKING
208,PAY1207,160,,missing,CARD
209,PAY1208,240,8821.90,valid,UPI
210,PAY1209,963,1833.17,valid,UPI
211,PAY1210,423,4826.60,valid,UPI
212,PAY1211,989,13945.28,valid,UPI
213,PAY1212,536,5959.44,valid,UPI
214,PAY1213,726,,non_numeric,NETBANKING
215,PAY1214,70,14992.95,valid,UPI
216,PAY1215,880,4682.98,valid,UPI
217,PAY1216,216,9065.13,valid,NETBANKING
218,PAY1217,104,10750.13,valid,NETBANKING
219,PAY1218,727,3304.78,valid,NETBANKING
220,PAY1219,54,3081.42,valid,CARD
221,PAY1220,806,,missing,CARD
222,PAY1221,330,6401.38,valid,UPI
223,PAY1222,848,10999.02,valid,UPI
224,PAY1223,203,1973.12,valid,UPI
225,PAY1224,288,14610.33,valid,CARD
226,PAY1225,45,1199.88,valid,UPI
227,PAY1226,829,9418.44,valid,UPI
228,PAY1227,198,8876.86,valid,CARD
229,PAY1228,216,2886.02,valid,NETBANKING
230,PAY1229,481,3112.82,valid,CARD
231,PAY1230,309,12097.48,valid,UPI
232,PAY1231,896,13425.87,valid,CARD
233,PAY1232,435,4962.24,valid,NETBANKING
234,PAY1233,332,7131.50,valid,NETBANKING
235,PAY1234,696,5969.93,valid,NETBANKING
236,PAY1235,27,2015.66,valid,NETBANKING
237,PAY1236,166,10424.86,valid,NETBANKING
238,PAY1237,318,12552.70,valid,NETBANKING
239,PAY1238,274,5268.31,valid,UPI
240,PAY1239,383,14862.46,valid,UPI
241,PAY1240,365,2061.92,valid,CARD
242,PAY1241,103,10265.07,valid,UPI
243,PAY1242,960,7275.19,valid,NETBANKING
244,PAY1243,503,7252.43,valid,UPI
245,PAY1244,845,,non_numeric,CARD
246,PAY1245,373,4621.54,valid,NETBANKING
247,PAY1246,616,11017.88,valid,UPI
248,PAY1247,926,11102.07,valid,UPI
249,PAY1248,245,4953.56,valid,CARD
250,PAY1249,817,,non_numeric,NETBANKING
251,PAY1250,169,5435.83,valid,CARD
252,PAY1251,628,11151.30,valid,NETBANKING
253,PAY1252,653,2694.00,valid,NETBANKING
254,PAY1253,418,3361.82,valid,UPI
255,PAY1254,356,5421.14,valid,CARD
256,PAY1255,478,9314.23,valid,CARD
257,PAY1256,125,,missing,CARD
258,PAY1257,537,6548.99,valid,NETBANKING
259,PAY1258,706,2089.75,valid,CARD
260,PAY1259,896,6230.89,valid,NETBANKING
261,PAY1260,612,10642.75,valid,CARD
262,PAY1261,402,10393.94,valid,CARD
263,PAY1262,517,3242.75,valid,UPI
264,PAY1263,531,1108.98,valid,CARD
265,PAY1264,682,11541.74,valid,UPI
266,PAY1265,786,2489.15,valid,UPI
267,PAY1266,254,2152.89,valid,NETBANKING
268,PAY1267,121,1037.82,valid,CARD
269,PAY1268,32,7056.42,valid,CARD
270,PAY1269,661,,missing,CARD
271,PAY1270,778,9927.30,valid,UPI
272,PAY1271,37,5144.89,valid,CARD
273,PAY1272,689,10945.95,valid,NETBANKING
274,PAY1273,342,,missing,NETBANKING
275,PAY1274,13,12647.86,valid,CARD
276,PAY1275,183,9005.88,valid,UPI
277,PAY1276,657,9174.46,valid,NETBANKING
278,PAY1277,265,3936.86,valid,NETBANKING
279,PAY1278,88,2037.52,valid,UPI
280,PAY1279,940,7506.15,valid,NETBANKING
281,PAY1280,462,9618.57,valid,UPI
282,PAY1281,46,2330.65,valid,NETBANKING
283,PAY1282,392,14307.48,valid,UPI
284,PAY1283,119,,missing,NETBANKING
285,PAY1284,933,8636.39,valid,CARD
286,PAY1285,531,14300.97,valid,NETBANKING
287,PAY1286,447,3512.23,valid,NETBANKING
288,PAY1287,732,1355.89,valid,CARD
289,PAY1288,942,1551.73,valid,CARD
290,PAY1289,745,9225.17,valid,CARD
291,PAY1290,606,,non_numeric,CARD
292,PAY1291,967,14419.64,valid,UPI
293,PAY1292,763,2987.06,valid,UPI
294,PAY1293,762,5266.12,valid,NETBANKING
295,PAY1294,794,12515.25,valid,NETBANKING
296,PAY1295,744,4062.36,valid,NETBANKING
297,PAY1296,46,4401.56,valid,UPI
298,PAY1297,886,9992.33,valid,NETBANKING
299,PAY1298,508,4865.21,valid,NETBANKING
300,PAY1299,558,4044.27,valid,UPI
301,PAY1300,971,4558.49,valid,NETBANKING
302,PAY1301,526,7869.06,valid,UPI
303,PAY1302,597,14525.40,valid,UPI
304,PAY1303,831,12651.33,valid,CARD
305,PAY1304,840,4984.54,valid,CARD
306,PAY1305,3,6087.22,valid,UPI
307,PAY1306,28,7503.17,valid,UPI
308,PAY1307,381,14705.02,valid,CARD
309,PAY1308,157,3413.47,valid,NETBANKING
310,PAY1309,855,6004.76,valid,NETBANKING
311,PAY1310,914,11211.97,valid,NETBANKING
312,PAY1311,931,,missing,UPI
313,PAY1312,511,3179.45,valid,CARD
314,PAY1313,333,4183.32,valid,NETBANKING
315,PAY1314,844,4159.73,valid,CARD
316,PAY1315,687,1293.05,valid,CARD
317,PAY1316,114,9457.62,valid,UPI
318,PAY1317,389,10389.84,valid,NETBANKING
319,PAY1318,487,9435.36,valid,CARD
320,PAY1319,843,1998.52,valid,UPI
321,PAY1320,250,1969.22,valid,UPI
322,PAY1321,571,3945.41,valid,UPI
323,PAY1322,715,5064.12,valid,NETBANKING
324,PAY1323,315,,non_numeric,NETBANKING
325,PAY1324,239,3231.46,valid,UPI
326,PAY1325,234,1617.29,valid,NETBANKING
327,PAY1326,303,6515.83,valid,NETBANKING
328,PAY1327,607,6829.49,valid,CARD
329,PAY1328,991,,missing,UPI
330,PAY1329,653,12576.65,valid,UPI
331,PAY1330,334,2372.08,valid,NETBANKING
332,PAY1331,113,10855.19,valid,UPI
333,PAY1332,621,5731.24,valid,UPI
334,PAY1333,362,5339.72,valid,UPI
335,PAY1334,857,14055.60,valid,NETBANKING
336,PAY1335,801,4478.56,valid,NETBANKING
337,PAY1336,97,9995.45,valid,NETBANKING
338,PAY1337,958,4851.79,valid,CARD
339,PAY1338,847,8100.01,valid,UPI
340,PAY1339,16,12008.10,valid,CARD
341,PAY1340,556,13344.12,valid,NETBANKING
342,PAY1341,954,12741.76,valid,CARD
343,PAY1342,376,9150.53,valid,UPI
344,PAY1343,742,4483.43,valid,UPI
345,PAY1344,390,,missing,NETBANKING
346,PAY1345,620,10938.67,valid,NETBANKING
347,PAY1346,217,1149.69,valid,CARD
348,PAY1347,399,7148.95,valid,NETBANKING
349,PAY1348,260,12805.67,valid,CARD
350,PAY1349,824,7854.23,valid,UPI
351,PAY1350,320,5359.26,valid,UPI
352,PAY1351,196,13205.17,valid,UPI
353,PAY1352,478,3182.33,valid,UPI
354,PAY1353,418,3890.23,valid,UPI
355,PAY1354,475,10623.21,valid,CARD
356,PAY1355,607,5934.10,valid,UPI
357,PAY1356,568,10982.24,valid,CARD
358,PAY1357,544,3207.85,valid,UPI
359,PAY1358,231,4531.77,valid,CARD
360,PAY1359,884,3193.06,valid,CARD
361,PAY1360,521,14340.74,valid,CARD
362,PAY1361,703,,missing,NETBANKING
363,PAY1362,873,5721.08,valid,CARD
364,PAY1363,200,1198.83,valid,CARD
365,PAY1364,846,3147.85,valid,UPI
366,PAY1365,673,6895.90,valid,CARD
367,PAY1366,599,1959.04,valid,CARD
368,PAY1367,21,8150.35,valid,NETBANKING
369,PAY1368,311,7370.22,valid,UPI
370,PAY1369,588,11740.35,valid,NETBANKING
371,PAY1370,953,10237.24,valid,NETBANKING
372,PAY1371,898,7243.26,valid,NETBANKING
373,PAY1372,653,4145.25,valid,CARD
374,PAY1373,638,11176.09,valid,NETBANKING
375,PAY1374,763,10910.07,valid,NETBANKING
376,PAY1375,900,3146.15,valid,UPI
377,PAY1376,596,13806.53,valid,UPI
378,PAY1377,434,1901.67,valid,UPI
379,PAY1378,371,1770.53,valid,UPI
380,PAY1379,560,3622.91,valid,NETBANKING
381,PAY1380,891,13732.45,valid,UPI
382,PAY1381,78,8279.97,valid,CARD
383,PAY1382,542,12031.17,valid,NETBANKING
384,PAY1383,285,4189.80,valid,UPI
385,PAY1384,648,7863.11,valid,NETBANKING
386,PAY1385,140,6016.05,valid,UPI
387,PAY1386,553,12589.60,valid,NETBANKING
388,PAY1387,998,,missing,UPI
389,PAY1388,282,4413.80,valid,CARD
390,PAY1389,562,3136.04,valid,UPI
391,PAY1390,258,13028.65,valid,NETBANKING
392,PAY1391,823,7545.61,valid,NETBANKING
393,PAY1392,360,,missing,CARD
394,PAY1393,440,7292.76,valid,NETBANKING
395,PAY1394,270,14606.94,valid,CARD
396,PAY1395,134,12903.74,valid,NETBANKING
397,PAY1396,746,10889.16,valid,NETBANKING
398,PAY1397,640,5066.71,valid,CARD
399,PAY1398,104,3312.42,valid,NETBANKING
400,PAY1399,766,13900.07,valid,NETBANKING
401,PAY1400,95,6923.06,valid,CARD
402,PAY1401,849,4902.58,valid,UPI
403,PAY1402,729,7592.89,valid,CARD
404,PAY1403,573,13849.86,valid,NETBANKING
405,PAY1404,480,6418.94,valid,UPI
406,PAY1405,780,8876.97,valid,UPI
407,PAY1406,241,12241.53,valid,UPI
408,PAY1407,13,6979.86,valid,CARD
409,PAY1408,147,,non_numeric,UPI
410,PAY1409,940,14923.36,valid,UPI
411,PAY1410,752,14391.99,valid,UPI
412,PAY1411,601,12808.71,valid,NETBANKING
413,PAY1412,95,10637.23,valid,CARD
414,PAY1413,827,5128.12,valid,CARD
415,PAY1414,293,13787.78,valid,NETBANKING
416,PAY1415,25,4857.79,valid,UPI
417,PAY1416,272,12211.33,valid,NETBANKING
418,PAY1417,505,13855.61,valid,NETBANKING
419,PAY1418,166,9442.05,valid,UPI
420,PAY1419,939,12242.79,valid,UPI
421,PAY1420,762,12083.73,valid,CARD
422,PAY1421,87,3704.21,valid,UPI
423,PAY1422,654,10350.94,valid,NETBANKING
424,PAY1423,646,2308.55,valid,NETBANKING
425,PAY1424,985,8109.90,valid,UPI
426,PAY1425,791,3271.30,valid,CARD
427,PAY1426,638,6828.89,valid,NETBANKING
428,PAY1427,828,12661.75,valid,UPI
429,PAY1428,491,,non_numeric,CARD
430,PAY1429,908,5451.44,valid,CARD
431,PAY1430,141,8447.38,valid,NETBANKING
432,PAY1431,868,8158.17,valid,NETBANKING
433,PAY1432,103,14361.62,valid,CARD
434,PAY1433,226,,non_numeric,CARD
435,PAY1434,902,10787.49,valid,CARD
436,PAY1435,575,13905.05,valid,UPI
437,PAY1436,294,6227.30,valid,NETBANKING
438,PAY1437,896,13629.71,valid,CARD
439,PAY1438,306,13844.39,valid,NETBANKING
440,PAY1439,254,14029.28,valid,NETBANKING
441,PAY1440,180,4786.25,valid,NETBANKING
442,PAY1441,40,6604.98,valid,CARD
443,PAY1442,776,13185.54,valid,UPI
444,PAY1443,701,6028.27,valid,CARD
445,PAY1444,520,9403.54,valid,NETBANKING
446,PAY1445,616,2652.76,valid,CARD
447,PAY1446,737,1787.85,valid,CARD
448,PAY1447,546,6767.92,valid,NETBANKING
449,PAY1448,236,,non_numeric,NETBANKING
450,PAY1449,463,6497.79,valid,CARD
451,PAY1450,228,,non_numeric,CARD
452,PAY1451,700,8211.18,valid,CARD
453,PAY1452,825,10599.90,valid,CARD
454,PAY1453,483,10093.45,valid,UPI
455,PAY1454,430,6939.44,valid,CARD
456,PAY1455,22,6949.93,valid,UPI
457,PAY1456,343,,missing,NETBANKING
458,PAY1457,40,8185.34,valid,UPI
459,PAY1458,173,9220.51,valid,NETBANKING
460,PAY1459,439,7670.85,valid,UPI
461,PAY1460,179,,missing,NETBANKING
462,PAY1461,598,11103.08,valid,CARD
463,PAY1462,133,2045.26,valid,UPI
464,PAY1463,351,13802.17,valid,UPI
465,PAY1464,525,1289.01,valid,NETBANKING
466,PAY1465,540,14472.90,valid,NETBANKING
467,PAY1466,506,7472.98,valid,UPI
468,PAY1467,84,6777.38,valid,NETBANKING
469,PAY1468,993,4590.22,valid,CARD
470,PAY1469,464,1141.00,valid,UPI
471,PAY1470,830,4847.06,valid,CARD
472,PAY1471,861,2531.60,valid,UPI
473,PAY1472,343,10237.49,valid,CARD
474,PAY1473,280,5467.05,valid,UPI
475,PAY1474,866,11740.51,valid,NETBANKING
476,PAY1475,263,3896.83,valid,UPI
477,PAY1476,166,13603.29,valid,CARD
478,PAY1477,293,8321.74,valid,UPI
479,PAY1478,509,2603.09,valid,CARD
480,PAY1479,580,6611.83,valid,CARD
481,PAY1480,226,3894.65,valid,CARD
482,PAY1481,170,3795.60,valid,NETBANKING
483,PAY1482,598,8089.18,valid,UPI
484,PAY1483,645,10406.49,valid,CARD
485,PAY1484,448,13762.65,valid,NETBANKING
486,PAY1485,690,8030.27,valid,CARD
487,PAY1486,855,14521.74,valid,UPI
488,PAY1487,502,14182.89,valid,NETBANKING
489,PAY1488,764,,non_numeric,CARD
490,PAY1489,527,7999.68,valid,CARD
491,PAY1490,735,2972.66,valid,CARD
492,PAY1491,379,4050.66,valid,UPI
493,PAY1492,201,10067.38,valid,NETBANKING
494,PAY1493,619,6904.57,valid,NETBANKING
495,PAY1494,250,3055.22,valid,NETBANKING
496,PAY1495,949,7705.92,valid,CARD
497,PAY1496,409,1244.03,valid,NETBANKING
498,PAY1497,601,11274.54,valid,CARD
499,PAY1498,125,2030.14,valid,UPI
500,PAY1499,113,9807.59,valid,NETBANKING
501,PAY1500,981,12102.14,valid,CARD
502,PAY1501,137,2857.01,valid,NETBANKING
503,PAY1502,759,8260.94,valid,NETBANKING
504,PAY1503,496,11906.95,valid,UPI
505,PAY1504,678,4648.87,valid,NETBANKING
506,PAY1505,150,3280.83,valid,UPI
507,PAY1506,875,5715.47,valid,NETBANKING
508,PAY1507,343,8765.79,valid,NETBANKING
509,PAY1508,945,9053.91,valid,NETBANKING
510,PAY1509,580,2832.27,valid,NETBANKING
511,PAY1510,733,7405.96,valid,NETBANKING
512,PAY1511,783,4755.95,valid,NETBANKING
513,PAY1512,321,12788.34,valid,UPI
514,PAY1513,822,5390.05,valid,UPI
515,PAY1514,926,12741.86,valid,CARD
516,PAY1515,861,6999.90,valid,NETBANKING
517,PAY1516,532,11172.20,valid,UPI
518,PAY1517,289,8140.84,valid,NETBANKING
519,PAY1518,489,9707.48,valid,NETBANKING
520,PAY1519,492,6534.99,valid,UPI
521,PAY1520,612,11754.89,valid,NETBANKING
522,PAY1521,252,6952.65,valid,UPI
523,PAY1522,982,7404.46,valid,UPI
524,PAY1523,77,8247.50,valid,CARD
525,PAY1524,647,12645.54,valid,CARD
526,PAY1525,392,10231.31,valid,CARD
527,PAY1526,412,5888.25,valid,CARD
528,PAY1527,173,10384.47,valid,NETBANKING
529,PAY1528,875,9993.97,valid,NETBANKING
530,PAY1529,201,14034.27,valid,CARD
531,PAY1530,217,12779.83,valid,UPI
532,PAY1531,376,10064.26,valid,UPI
533,PAY1532,720,5781.10,valid,UPI
534,PAY1533,586,11914.07,valid,UPI
535,PAY1534,11,,non_numeric,NETBANKING
536,PAY1535,799,14793.78,valid,UPI
537,PAY1536,768,4465.09,valid,UPI
538,PAY1537,12,2115.18,valid,CARD
539,PAY1538,892,1978.49,valid,UPI
540,PAY1539,991,9960.43,valid,NETBANKING
541,PAY1540,590,14149.64,valid,UPI
542,PAY1541,435,1027.05,valid,UPI
543,PAY1542,684,11160.79,valid,NETBANKING
544,PAY1543,608,10198.91,valid,CARD
545,PAY1544,818,11252.26,valid,NETBANKING
546,PAY1545,373,5975.68,valid,CARD
547,PAY1546,273,12486.95,valid,UPI
548,PAY1547,931,1625.90,valid,CARD
549,PAY1548,897,,missing,CARD
550,PAY1549,925,4739.01,valid,CARD
551,PAY1550,691,7675.73,valid,UPI
552,PAY1551,576,12516.91,valid,CARD
553,PAY1552,509,4799.03,valid,CARD
554,PAY1553,132,3592.91,valid,UPI
555,PAY1554,855,10538.38,valid,NETBANKING
556,PAY1555,924,8467.53,valid,NETBANKING
557,PAY1556,784,8201.65,valid,NETBANKING
558,PAY1557,319,4594.77,valid,UPI
559,PAY1558,844,1488.32,valid,UPI
560,PAY1559,949,6743.77,valid,NETBANKING
561,PAY1560,853,2491.83,valid,CARD
562,PAY1561,621,13683.85,valid,NETBANKING
563,PAY1562,785,1577.50,valid,UPI
564,PAY1563,168,7043.11,valid,CARD
565,PAY1564,397,1731.44,valid,CARD
566,PAY1565,180,2337.61,valid,UPI
567,PAY1566,58,10224.13,valid,CARD
568,PAY1567,480,10059.56,valid,NETBANKING
569,PAY1568,933,,missing,UPI
570,PAY1569,591,1015.84,valid,UPI
571,PAY1570,460,2103.45,valid,UPI
572,PAY1571,61,11681.98,valid,UPI
573,PAY1572,369,9184.07,valid,CARD
574,PAY1573,121,1533.66,valid,UPI
575,PAY1574,719,7833.36,valid,UPI
576,PAY1575,546,10968.41,valid,CARD
577,PAY1576,582,,non_numeric,UPI
578,PAY1577,17,14076.51,valid,CARD
579,PAY1578,496,5584.17,valid,CARD
580,PAY1579,497,2901.65,valid,UPI
581,PAY1580,505,4316.96,valid,NETBANKING
582,PAY1581,532,,missing,UPI
583,PAY1582,969,14600.78,valid,NETBANKING
584,PAY1583,315,7529.51,valid,CARD
585,PAY1584,69,5274.94,valid,NETBANKING
586,PAY1585,727,7008.67,valid,UPI
587,PAY1586,161,5267.38,valid,UPI
588,PAY1587,614,4590.83,valid,NETBANKING
589,PAY1588,888,9312.51,valid,UPI
590,PAY1589,718,1220.30,valid,NETBANKING
591,PAY1590,145,,non_numeric,CARD
592,PAY1591,569,,missing,NETBANKING
593,PAY1592,595,1448.88,valid,NETBANKING
594,PAY1593,993,2164.83,valid,NETBANKING
595,PAY1594,385,5107.55,valid,NETBANKING
596,PAY1595,269,13289.27,valid,CARD
597,PAY1596,923,11708.41,valid,CARD
598,PAY1597,454,1310.19,valid,CARD
599,PAY1598,699,8023.98,valid,NETBANKING
600,PAY1599,518,,missing,CARD
601,PAY1600,865,10081.04,valid,UPI
602,PAY1601,350,11101.75,valid,CARD
603,PAY1602,110,13080.08,valid,NETBANKING
604,PAY1603,483,7655.83,valid,UPI
605,PAY1604,407,14922.30,valid,NETBANKING
606,PAY1605,650,14719.81,valid,UPI
607,PAY1606,51,13350.33,valid,NETBANKING
608,PAY1607,403,9048.17,valid,NETBANKING
609,PAY1608,563,6572.09,valid,UPI
610,PAY1609,476,6101.41,valid,CARD
611,PAY1610,87,1169.75,valid,UPI
612,PAY1611,68,4488.44,valid,UPI
613,PAY1612,596,11063.32,valid,UPI
614,PAY1613,979,9450.85,valid,UPI
615,PAY1614,42,13829.91,valid,UPI
616,PAY1615,731,,missing,NETBANKING
617,PAY1616,57,3173.87,valid,NETBANKING
618,PAY1617,738,12049.41,valid,CARD
619,PAY1618,196,6019.11,valid,CARD
620,PAY1619,760,2656.83,valid,UPI
621,PAY1620,678,14950.31,valid,CARD
622,PAY1621,62,12021.50,valid,CARD
623,PAY1622,263,6722.37,valid,UPI
624,PAY1623,112,,missing,NETBANKING
625,PAY1624,765,10528.45,valid,NETBANKING
626,PAY1625,711,12059.65,valid,CARD
627,PAY1626,178,12412.89,valid,NETBANKING
628,PAY1627,948,2186.20,valid,NETBANKING
629,PAY1628,26,9721.62,valid,CARD
630,PAY1629,410,1095.00,valid,UPI
631,PAY1630,758,1608.39,valid,CARD
632,PAY1631,531,13655.72,valid,CARD
633,PAY1632,777,8385.89,valid,CARD
634,PAY1633,317,11302.63,valid,UPI
635,PAY1634,532,12739.01,valid,UPI
636,PAY1635,106,14294.21,valid,UPI
637,PAY1636,749,13170.94,valid,UPI
638,PAY1637,818,7766.36,valid,CARD
639,PAY1638,464,5703.58,valid,NETBANKING
640,PAY1639,246,3162.91,valid,CARD
641,PAY1640,81,6604.50,valid,UPI
642,PAY1641,662,6130.91,valid,NETBANKING
643,PAY1642,909,8834.05,valid,CARD
644,PAY1643,396,10317.13,valid,NETBANKING
645,PAY1644,522,,missing,UPI
646,PAY1645,833,11197.41,valid,NETBANKING
647,PAY1646,736,10012.48,valid,NETBANKING
648,PAY1647,926,5691.29,valid,UPI
649,PAY1648,264,1483.05,valid,NETBANKING
650,PAY1649,661,5033.75,valid,CARD
651,PAY1650,790,11758.27,valid,NETBANKING
652,PAY1651,274,3873.81,valid,CARD
653,PAY1652,706,10970.63,valid,NETBANKING
654,PAY1653,944,9116.92,valid,NETBANKING
655,PAY1654,172,3406.00,valid,UPI
656,PAY1655,265,4662.75,valid,UPI
657,PAY1656,963,7948.25,valid,CARD
658,PAY1657,822,,missing,UPI
659,PAY1658,26,11899.89,valid,UPI
660,PAY1659,469,11281.66,valid,UPI
661,PAY1660,862,9044.04,valid,UPI
662,PAY1661,476,12511.85,valid,UPI
663,PAY1662,356,8877.37,valid,CARD
664,PAY1663,26,14501.45,valid,CARD
665,PAY1664,34,,missing,UPI
666,PAY1665,264,10997.85,valid,UPI
667,PAY1666,138,6179.22,valid,CARD
668,PAY1667,816,4905.53,valid,NETBANKING
669,PAY1668,695,3525.42,valid,CARD
670,PAY1669,875,8735.05,valid,NETBANKING
671,PAY1670,754,4016.57,valid,UPI
672,PAY1671,566,3804.91,valid,UPI
673,PAY1672,462,14867.45,valid,CARD
674,PAY1673,168,12224.46,valid,UPI
675,PAY1674,631,11475.88,valid,NETBANKING
676,PAY1675,655,12116.85,valid,NETBANKING
677,PAY1676,81,14564.92,valid,CARD
678,PAY1677,757,,non_numeric,NETBANKING
679,PAY1678,914,4083.41,valid,CARD
680,PAY1679,864,13070.93,valid,CARD
681,PAY1680,870,11398.23,valid,NETBANKING
682,PAY1681,407,6800.32,valid,NETBANKING
683,PAY1682,574,7629.97,valid,NETBANKING
684,PAY1683,46,,non_numeric,NETBANKING
685,PAY1684,599,14019.19,valid,NETBANKING
686,PAY1685,611,5809.44,valid,NETBANKING
687,PAY1686,807,14488.78,valid,NETBANKING
688,PAY1687,911,13743.80,valid,UPI
689,PAY1688,53,9827.30,valid,CARD
690,PAY1689,984,9117.50,valid,CARD
691,PAY1690,704,6181.25,valid,NETBANKING
692,PAY1691,959,1256.74,valid,CARD
693,PAY1692,476,2786.72,valid,NETBANKING
694,PAY1693,592,11559.24,valid,UPI
695,PAY1694,16,7601.56,valid,CARD
696,PAY1695,360,3097.73,valid,CARD
697,PAY1696,487,4695.45,valid,UPI
698,PAY1697,838,14269.72,valid,UPI
699,PAY1698,706,6139.86,valid,UPI
700,PAY1699,502,13707.55,valid,CARD
701,PAY1700,141,,non_numeric,CARD
702,PAY1701,620,8605.08,valid,UPI
703,PAY1702,815,1286.68,valid,UPI
704,PAY1703,777,8306.25,valid,UPI
705,PAY1704,447,,missing,UPI
706,PAY1705,290,,missing,UPI
707,PAY1706,209,9105.12,valid,NETBANKING
708,PAY1707,475,10060.35,valid,UPI
709,PAY1708,413,10616.41,valid,NETBANKING
710,PAY1709,677,11869.65,valid,CARD
711,PAY1710,427,,missing,CARD
712,PAY1711,854,8948.88,valid,NETBANKING
713,PAY1712,371,14742.11,valid,UPI
714,PAY1713,832,13574.02,valid,CARD
715,PAY1714,664,14337.32,valid,UPI
716,PAY1715,967,6405.91,valid,UPI
717,PAY1716,290,12016.99,valid,NETBANKING
718,PAY1717,432,9678.57,valid,CARD
719,PAY1718,268,2158.29,valid,CARD
720,PAY1719,151,12535.73,valid,NETBANKING
721,PAY1720,719,10479.42,valid,UPI
722,PAY1721,255,,missing,UPI
723,PAY1722,353,2116.34,valid,CARD
724,PAY1723,377,12718.31,valid,NETBANKING
725,PAY1724,653,2104.63,valid,NETBANKING
726,PAY1725,855,2278.95,valid,UPI
727,PAY1726,358,6983.72,valid,UPI
728,PAY1727,608,2887.17,valid,NETBANKING
729,PAY1728,941,13791.37,valid,CARD
730,PAY1729,370,7583.98,valid,UPI
731,PAY1730,227,8968.11,valid,NETBANKING
732,PAY1731,705,13993.49,valid,NETBANKING
733,PAY1732,303,8423.69,valid,NETBANKING
734,PAY1733,826,5950.28,valid,CARD
735,PAY1734,389,12160.17,valid,UPI
736,PAY1735,377,7199.90,valid,UPI
737,PAY1736,973,5458.57,valid,UPI
738,PAY1737,118,11125.21,valid,CARD
739,PAY1738,5,12222.48,valid,UPI
740,PAY1739,444,,non_numeric,UPI
741,PAY1740,352,14687.44,valid,UPI
742,PAY1741,755,12013.34,valid,UPI
743,PAY1742,533,,missing,CARD
744,PAY1743,664,13004.79,valid,NETBANKING
745,PAY1744,640,1002.59,valid,NETBANKING
746,PAY1745,124,6074.04,valid,UPI
747,PAY1746,658,11326.44,valid,UPI
748,PAY1747,277,9396.07,valid,UPI
749,PAY1748,822,,missing,CARD
750,PAY1749,394,5252.26,valid,UPI
751,PAY1750,664,5715.10,valid,CARD
752,PAY1751,360,8949.59,valid,UPI
753,PAY1752,623,12642.38,valid,UPI
754,PAY1753,469,14054.88,valid,NETBANKING
755,PAY1754,985,11501.29,valid,UPI
756,PAY1755,628,12801.31,valid,CARD
757,PAY1756,700,,non_numeric,NETBANKING
758,PAY1757,57,,missing,CARD
759,PAY1758,251,6497.92,valid,NETBANKING
760,PAY1759,896,9624.54,valid,CARD
761,PAY1760,919,2739.31,valid,NETBANKING
762,PAY1761,150,9112.92,valid,CARD
763,PAY1762,452,10311.86,valid,CARD
764,PAY1763,162,7144.72,valid,UPI
765,PAY1764,120,14344.34,valid,NETBANKING
766,PAY1765,582,9514.99,valid,NETBANKING
767,PAY1766,924,,missing,UPI
768,PAY1767,351,7709.03,valid,CARD
769,PAY1768,99,10455.66,valid,CARD
770,PAY1769,167,5530.81,valid,NETBANKING
771,PAY1770,810,2114.98,valid,CARD
772,PAY1771,663,9168.10,valid,NETBANKING
773,PAY1772,838,14270.18,valid,NETBANKING
774,PAY1773,976,7791.01,valid,CARD
775,PAY1774,514,13685.53,valid,CARD
776,PAY1775,664,12690.33,valid,CARD
777,PAY1776,401,3063.78,valid,UPI
778,PAY1777,365,10914.38,valid,NETBANKING
779,PAY1778,577,,non_numeric,CARD
780,PAY1779,326,4503.45,valid,UPI
781,PAY1780,581,10617.14,valid,CARD
782,PAY1781,633,11397.25,valid,NETBANKING
783,PAY1782,621,3518.55,valid,UPI
784,PAY1783,828,13802.23,valid,NETBANKING
785,PAY1784,247,11516.06,valid,CARD
786,PAY1785,434,14067.26,valid,CARD
787,PAY1786,93,5439.03,valid,CARD
788,PAY1787,268,14150.69,valid,UPI
789,PAY1788,615,6159.25,valid,UPI
790,PAY1789,943,1755.58,valid,UPI
791,PAY1790,963,11681.57,valid,UPI
792,PAY1791,624,10849.11,valid,CARD
793,PAY1792,321,9370.75,valid,CARD
794,PAY1793,923,7858.51,valid,CARD
795,PAY1794,816,1450.31,valid,UPI
796,PAY1795,856,9744.36,valid,UPI
797,PAY1796,62,6835.68,valid,CARD
798,PAY1797,300,8842.93,valid,CARD
799,PAY1798,403,7010.50,valid,UPI
800,PAY1799,955,14524.79,valid,NETBANKING
801,PAY1800,648,9457.52,valid,CARD
802,PAY1801,567,11489.31,valid,CARD
803,PAY1802,620,14108.86,valid,CARD
804,PAY1803,303,9282.39,valid,UPI
805,PAY1804,770,1168.88,valid,CARD
806,PAY1805,253,1480.08,valid,CARD
807,PAY1806,734,10832.74,valid,CARD
808,PAY1807,478,4907.19,valid,CARD
809,PAY1808,369,9111.32,valid,CARD
810,PAY1809,679,3831.88,valid,NETBANKING
811,PAY1810,941,4783.48,valid,NETBANKING
812,PAY1811,160,8064.97,valid,CARD
813,PAY1812,961,14657.97,valid,CARD
814,PAY1813,166,9627.79,valid,CARD
815,PAY1814,205,14106.07,valid,CARD
816,PAY1815,267,14431.32,valid,UPI
817,PAY1816,138,3913.54,valid,UPI
818,PAY1817,368,,non_numeric,UPI
819,PAY1818,443,11779.89,valid,NETBANKING
820,PAY1819,858,13134.70,valid,CARD
821,PAY1820,760,8269.17,valid,UPI
822,PAY1821,567,14905.16,valid,CARD
823,PAY1822,916,1162.01,valid,CARD
824,PAY1823,721,5194.30,valid,NETBANKING
825,PAY1824,17,9724.26,valid,NETBANKING
826,PAY1825,68,7570.06,valid,UPI
827,PAY1826,133,2632.44,valid,UPI
828,PAY1827,700,6149.02,valid,NETBANKING
829,PAY1828,919,1356.26,valid,NETBANKING
830,PAY1829,430,9998.44,valid,CARD
831,PAY1830,308,13498.40,valid,CARD
832,PAY1831,650,13388.24,valid,UPI
833,PAY1832,174,,non_numeric,UPI
834,PAY1833,412,7520.78,valid,NETBANKING
835,PAY1834,97,8168.44,valid,UPI
836,PAY1835,683,2916.86,valid,CARD
837,PAY1836,154,5774.24,valid,NETBANKING
838,PAY1837,695,3628.19,valid,CARD
839,PAY1838,242,,missing,NETBANKING
840,PAY1839,304,13806.55,valid,NETBANKING
841,PAY1840,285,8516.93,valid,CARD
842,PAY1841,27,11188.70,valid,UPI
843,PAY1842,402,2700.51,valid,UPI
844,PAY1843,360,9519.49,valid,UPI
845,PAY1844,60,10839.07,valid,UPI
846,PAY1845,202,7338.75,valid,CARD
847,PAY1846,762,4405.82,valid,NETBANKING
848,PAY1847,874,13283.24,valid,CARD
849,PAY1848,581,11400.72,valid,UPI
850,PAY1849,970,13598.00,valid,UPI
851,PAY1850,370,,non_numeric,CARD
852,PAY1851,533,14865.24,valid,NETBANKING
853,PAY1852,152,,non_numeric,CARD
854,PAY1853,102,2214.47,valid,CARD
855,PAY1854,899,5718.04,valid,CARD
856,PAY1855,1000,2806.06,valid,NETBANKING
857,PAY1856,607,8323.82,valid,CARD
858,PAY1857,446,9862.40,valid,CARD
859,PAY1858,873,9096.04,valid,UPI
860,PAY1859,229,4629.36,valid,CARD
861,PAY1860,125,13723.54,valid,UPI
862,PAY1861,770,1296.41,valid,UPI
863,PAY1862,834,5872.19,valid,UPI
864,PAY1863,999,11065.89,valid,NETBANKING
865,PAY1864,881,11737.00,valid,UPI
866,PAY1865,938,6825.66,valid,CARD
867,PAY1866,236,1236.74,valid,CARD
868,PAY1867,162,9652.61,valid,UPI
869,PAY1868,554,1883.33,valid,UPI
870,PAY1869,788,2509.98,valid,CARD
871,PAY1870,353,10103.51,valid,UPI
872,PAY1871,68,5374.84,valid,NETBANKING
873,PAY1872,173,5872.42,valid,UPI
874,PAY1873,843,7815.30,valid,NETBANKING
875,PAY1874,637,14700.10,valid,NETBANKING
876,PAY1875,682,14516.19,valid,NETBANKING
877,PAY1876,559,6827.65,valid,UPI
878,PAY1877,261,4716.99,valid,NETBANKING
879,PAY1878,217,5236.29,valid,NETBANKING
880,PAY1879,817,4762.94,valid,UPI
881,PAY1880,124,8451.44,valid,NETBANKING
882,PAY1881,805,9496.04,valid,UPI
883,PAY1882,162,7842.91,valid,CARD
884,PAY1883,201,6711.92,valid,NETBANKING
885,PAY1884,454,3957.99,valid,UPI
886,PAY1885,402,7755.08,valid,CARD
887,PAY1886,462,5775.44,valid,NETBANKING
888,PAY1887,275,8582.34,valid,NETBANKING
889,PAY1888,206,10452.65,valid,UPI
890,PAY1889,40,9866.37,valid,CARD
891,PAY1890,273,,missing,UPI
892,PAY1891,700,8784.73,valid,NETBANKING
893,PAY1892,867,4987.99,valid,NETBANKING
894,PAY1893,93,1339.36,valid,NETBANKING
895,PAY1894,42,9750.27,valid,NETBANKING
896,PAY1895,465,4535.96,valid,CARD
897,PAY1896,379,10365.35,valid,CARD
898,PAY1897,107,,non_numeric,UPI
899,PAY1898,328,13822.99,valid,UPI
900,PAY1899,65,14413.72,valid,UPI
901,PAY1900,365,1147.36,valid,NETBANKING
902,PAY1901,821,14865.24,valid,UPI
903,PAY1902,484,10562.26,valid,CARD
904,PAY1903,647,10009.34,valid,UPI
905,PAY1904,901,1212.98,valid,UPI
906,PAY1905,24,13057.27,valid,CARD
907,PAY1906,540,3036.88,valid,CARD
908,PAY1907,62,12722.62,valid,NETBANKING
909,PAY1908,491,1217.88,valid,CARD
910,PAY1909,273,10043.50,valid,CARD
911,PAY1910,229,7087.22,valid,UPI
912,PAY1911,20,3810.73,valid,CARD
913,PAY1912,3,2505.86,valid,NETBANKING
914,PAY1913,421,7161.79,valid,UPI
915,PAY1914,730,2726.28,valid,NETBANKING
916,PAY1915,911,7810.25,valid,CARD
917,PAY1916,307,9753.04,valid,NETBANKING
918,PAY1917,432,12583.38,valid,NETBANKING
919,PAY1918,136,10501.09,valid,CARD
920,PAY1919,909,1912.80,valid,CARD
921,PAY1920,944,5304.06,valid,UPI
922,PAY1921,515,,missing,UPI
923,PAY1922,193,,missing,UPI
924,PAY1923,585,13148.95,valid,CARD
925,PAY1924,415,6182.07,valid,NETBANKING
926,PAY1925,873,,missing,NETBANKING
927,PAY1926,118,13517.50,valid,UPI
928,PAY1927,666,13434.66,valid,UPI
929,PAY1928,209,12966.45,valid,CARD
930,PAY1929,952,12831.14,valid,NETBANKING
931,PAY1930,34,7723.56,valid,UPI
932,PAY1931,649,3484.04,valid,CARD
933,PAY1932,318,7684.83,valid,UPI
934,PAY1933,120,7924.37,valid,CARD
935,PAY1934,627,7859.04,valid,NETBANKING
936,PAY1935,525,8542.82,valid,CARD
937,PAY1936,581,4607.20,valid,UPI
938,PAY1937,937,6127.38,valid,UPI
939,PAY1938,845,7078.61,valid,NETBANKING
940,PAY1939,769,2835.70,valid,NETBANKING
941,PAY1940,89,7375.10,valid,UPI
942,PAY1941,512,12346.57,valid,UPI
943,PAY1942,47,12592.83,valid,UPI
944,PAY1943,772,6761.89,valid,NETBANKING
945,PAY1944,740,8263.32,valid,UPI
946,PAY1945,959,1471.10,valid,NETBANKING
947,PAY1946,692,10442.06,valid,UPI
948,PAY1947,522,6664.48,valid,CARD
949,PAY1948,284,7236.69,valid,CARD
950,PAY1949,377,,missing,UPI
951,PAY1950,638,7465.68,valid,CARD
952,PAY1951,134,1296.69,valid,NETBANKING
953,PAY1952,667,4184.87,valid,CARD
954,PAY1953,248,7658.69,valid,CARD
955,PAY1954,652,6941.55,valid,NETBANKING
956,PAY1955,318,13045.18,valid,CARD
957,PAY1956,436,8589.93,valid,CARD
958,PAY1957,176,10654.90,valid,UPI
959,PAY1958,835,7570.53,valid,NETBANKING
960,PAY1959,686,7155.18,valid,NETBANKING
961,PAY1960,993,7248.01,valid,UPI
962,PAY1961,586,,missing,UPI
963,PAY1962,351,8540.17,valid,CARD
964,PAY1963,143,4506.21,valid,CARD
965,PAY1964,967,13474.77,valid,CARD
966,PAY1965,804,5663.20,valid,UPI
967,PAY1966,398,3065.33,valid,NETBANKING
968,PAY1967,624,2351.71,valid,CARD
969,PAY1968,718,1187.92,valid,UPI
970,PAY1969,643,6919.99,valid,NETBANKING
971,PAY1970,369,3626.55,valid,UPI
972,PAY1971,501,1303.07,valid,CARD
973,PAY1972,622,8280.27,valid,UPI
974,PAY1973,370,10519.70,valid,UPI
975,PAY1974,579,2200.51,valid,UPI
976,PAY1975,382,7452.89,valid,UPI
977,PAY1976,86,11410.80,valid,NETBANKING
978,PAY1977,787,14801.30,valid,CARD
979,PAY1978,739,10340.66,valid,NETBANKING
980,PAY1979,460,4427.75,valid,UPI
981,PAY1980,950,11031.75,valid,UPI
982,PAY1981,325,,non_numeric,CARD
983,PAY1982,522,3965.19,valid,CARD
984,PAY1983,489,12915.55,valid,NETBANKING
985,PAY1984,929,6983.66,valid,NETBANKING
986,PAY1985,397,14467.69,valid,CARD
987,PAY1986,896,11120.61,valid,NETBANKING
988,PAY1987,355,10023.88,valid,UPI
989,PAY1988,947,11196.94,valid,UPI
990,PAY1989,288,7693.36,valid,CARD
991,PAY1990,459,8073.17,valid,NETBANKING
992,PAY1991,624,12916.90,valid,UPI
993,PAY1992,998,,missing,CARD
994,PAY1993,536,13561.41,valid,NETBANKING
995,PAY1994,291,13471.57,valid,UPI
996,PAY1995,851,14670.86,valid,NETBANKING
997,PAY1996,838,10803.01,valid,NETBANKING
998,PAY1997,168,8032.22,valid,NETBANKING
999,PAY1998,950,3328.36,valid,CARD
1000,PAY1999,621,10875.33,valid,UPI
